id,code,site_number,fac_type,fac_use,faa_region,faa_dist,city,county,state,full_name,own_type,longitude,latitude,elevation,aero_cht,cbd_dist,cbd_dir,act_date,cert,fed_agree,cust_intl,c_ldg_rts,joint_use,mil_rts,cntl_twr,major
1922,S57,01771.5*A,AIRPORT,PR,AWP,SFO,LIKELY,MODOC,CA,LIKELY,PR,-120.52,41.24,4420,KLAMATH FALLS,2,NW,,,,,,,,N,N
12714,19NY,16005.*A,AIRPORT,PR,AEA,NYC,READING,SCHUYLER,NY,FOUR SEASONS,PR,-77.96,42.4,1650,DETROIT,4,SW,12/1/1993,,,,,,,N,N
19293,MKE,27388.*A,AIRPORT,PU,AGL,MSP,MILWAUKEE,MILWAUKEE,WI,GENERAL MITCHELL INTERNATIONAL,PU,-87.89,42.94,723,CHICAGO,5,S,,CS 05/1973,NGY3,N,Y,Y,Y,Y,Y
2059,Q85,01888.4*A,AIRPORT,PR,AWP,SFO,MERIDIAN,SUTTER,CA,SANBORN,PR,-121.88,39.1,36,SAN FRANCISCO,3,SE,,,,,,,,N,N
10121,CII,12296.*A,AIRPORT,PU,ANM,HLN,CHOTEAU,TETON,MT,CHOTEAU,PU,-112.16,47.82,3949,GREAT FALLS,1,NE,,,NGY,N,N,N,Y,N,N
6998,2KY3,07055.05*A,AIRPORT,PR,ASO,MEM,BOWLING GREEN,WARREN,KY,PLANE-O-FIELD,PR,-86.45,36.83,800,ST LOUIS,8,S,5/1/1999,,,,,,,N,N
13706,F36,18897.*A,AIRPORT,PU,ASW,NONE,CORDELL,WASHITA,OK,CORDELL MUNI,PU,-98.96,35.3,1589,DALLAS-FT WORTH,1,E,,,NGY,N,N,N,Y,N,N
9905,1MS2,11238.5*A,AIRPORT,PR,ASO,JAN,GOODMAN,HOLMES,MS,PETERSON,PR,-89.93,32.94,240,MEMPHIS,2,SW,4/1/1987,,,,,,,N,N
9397,UBX,11667.2*A,AIRPORT,PU,ACE,NONE,CUBA,CRAWFORD,MO,CUBA MUNI,PU,-91.42,38.06,1023,KANSAS CITY,1,NW,,,NGY,N,N,N,Y,N,N
8463,MI77,09830.1*A,AIRPORT,PR,AGL,DET,GALESBURG,KALAMAZOO,MI,SHAFTER,PR,-85.41,42.3,805,CHICAGO,0,N,,,,,,N,N,N,N
10557,LBT,16882.*A,AIRPORT,PU,ASO,ATL,LUMBERTON,ROBESON,NC,LUMBERTON MUNI,PU,-79.05,34.6,126,CHARLOTTE,3,W,,,NGY3,N,N,N,Y,N,N
14306,OR31,19535.01*H,HELIPORT,PR,ANM,SEA,NEWBERG,YAMHILL,OR,NEWBERG COMMUNITY HOSPITAL,PU,-122.96,45.3,185,SEATTLE,0,SW,11/1/1988,,,,,,,N,N
16973,3TX6,24137.623*A,AIRPORT,PR,ASW,NONE,JUSTIN,DENTON,TX,CLARK,PR,-97.29,33.13,705,DALLAS-FT WORTH,3,N,,,,,,,,N,N
1577,L08,01340.3*A,AIRPORT,PU,AWP,NONE,BORREGO SPRINGS,SAN DIEGO,CA,BORREGO VALLEY,PU,-116.32,33.25,520,LOS ANGELES,3,E,,,NGY,N,N,N,Y,N,N
12342,NK30,14939.03*C,SEAPLANE BASE,PR,AEA,NYC,BROOKLYN,QUEENS,NY,PVT SEALANES-JAMAICA BAY,PR,-73.88,40.55,0,NEW YORK,0,W,,,,,,,,N,N
16344,2F7,23646.1*A,AIRPORT,PU,ASW,NONE,COMMERCE,HUNT,TX,COMMERCE MUNI,PU,-95.89,33.29,515,DALLAS-FT WORTH,3,N,,,NGY,N,N,N,Y,N,N
7720,MA93,08789.6*H,HELIPORT,PR,ANE,NONE,BURLINGTON,MIDDLESEX,MA,BAY BANK II,PR,-71.2,42.48,148,NEW YORK,2,SW,3/1/1990,,,,,,,N,N
1995,64L,01817.42*H,HELIPORT,PR,AWP,NONE,LOS ANGELES,LOS ANGELES,CA,LITTON INDUSTRIES,PR,-118.59,34.16,875,LOS ANGELES,19,NW,,,,,,N,N,N,N
7058,1KY6,07185.2*H,HELIPORT,PR,ASO,MEM,HARRODSBURG,MERCER,KY,HAGGIN,PR,-84.84,37.75,920,CINCINNATI,0,N,3/1/1994,,,,,,,N,N
13473,1OH7,18520.7*A,AIRPORT,PR,AGL,DET,SONORA,MUSKINGUM,OH,DERRY LANDING STRIP,PR,-81.86,39.99,905,CINCINNATI,2,NE,,,,,,,,N,N
12888,HZY,17554.1*A,AIRPORT,PU,AGL,DET,ASHTABULA,ASHTABULA,OH,ASHTABULA COUNTY,PU,-80.69,41.77,924,DETROIT,8,SE,,,NGY,N,N,N,Y,N,N
6896,9KS9,06880.*A,AIRPORT,PR,ACE,NONE,SALINA,SALINE,KS,DMH,PR,-97.61,38.79,1272,WICHITA,1,SW,,,,,,,,N,N
14424,9OR1,19603.38*A,AIRPORT,PR,ANM,SEA,SHANIKO,WASCO,OR,SHANIKO RANCH,PR,-120.73,45,3300,SEATTLE,0,N,1/1/1992,,,,,,,N,N
2574,1V9,02564.1*A,AIRPORT,PU,ANM,DEN,DELTA,DELTA,CO,BLAKE FIELD,PU,-108.06,38.78,5193,DENVER,3,N,,,NGSY,N,N,N,Y,N,N
2933,CT83,02802.01*H,HELIPORT,PR,ANE,NONE,DANBURY,FAIRFIELD,CT,UNION CARBIDE CORP,PR,-73.53,41.38,655,NEW YORK,3,W,2/1/1982,,,,,,,N,N
4118,7GA4,03752.3*A,AIRPORT,PR,ASO,ATL,DANVILLE,TWIGGS,GA,DANVILLE AIRPARK,PR,-83.26,32.58,459,ATLANTA,2,SW,,,,,,,,N,N
16618,6TX1,23887.06*H,HELIPORT,PR,ASW,NONE,FORT WORTH,TARRANT,TX,ACTION 5,PR,-97.26,32.75,630,DALLAS-FT WORTH,0,N,6/1/1993,,,,,,,N,N
8792,D00,10504.11*A,AIRPORT,PU,AGL,MSP,ADA/TWIN VALLEY,NORMAN,MN,NORMAN COUNTY ADA/TWIN VALLEY,PU,-96.4,47.26,954,TWIN CITIES,5,SE,,,N,,,,,N,N
10887,ND87,17337.23*A,AIRPORT,PR,AGL,BIS,GARRISON,MC LEAN,ND,INDIAN HILL RESORT,PR,-102.1,47.6,2010,BILLINGS,35,W,6/1/1991,,,,,,,N,N
3093,DE24,02967.5*H,HELIPORT,PR,AEA,HAR,DOVER,KENT,DE,ELLIOTT,PR,-75.5,39.11,25,WASHINGTON,2,N,1/1/1983,,,,,,,N,N
12685,PEO,15932.*A,AIRPORT,PU,AEA,NYC,PENN YAN,YATES,NY,PENN YAN,PU,-77.05,42.63,977,DETROIT,1,S,,,NGY,N,N,N,N,N,N
3368,38FD,03206.02*H,HELIPORT,PR,ASO,ORL,FROSTPROOF,POLK,FL,GRIFFIN'S MAIN OFFICE,PR,-81.53,27.73,125,MIAMI,0,N,2/1/1992,,,,,,,N,N
4252,42GA,03913.01*H,HELIPORT,PR,ASO,ATL,MARIETTA,COBB,GA,MATTHEWS,PR,-84.56,33.98,1167,ATLANTA,2,NW,3/1/1986,,,,,,,N,N
15500,SC23,22476.1*A,AIRPORT,PR,ASO,ATL,PELION,LEXINGTON,SC,EAGLES NEST-FAIRVIEW AIRPARK,PR,-81.35,33.76,460,ATLANTA,6,W,,,,N,N,N,N,N,N
15953,1M5,23154.1*A,AIRPORT,PU,ASO,MEM,PORTLAND,SUMNER,TN,PORTLAND MUNI,PU,-86.47,36.59,818,ST LOUIS,3,NE,,,NGY,N,N,N,Y,N,N
18536,W58,26104.11*A,AIRPORT,PU,ANM,SEA,BATTLE GROUND,CLARK,WA,CEDARS NORTH AIRPARK,PR,-122.51,45.76,275,SEATTLE,1,NW,6/1/1991,,,,,,,N,N
19023,70WI,27021.2*A,AIRPORT,PR,AGL,MSP,BALDWIN,ST CROIX,WI,KANTEN FIELD,PR,-92.35,45.03,1160,GREEN BAY,4,N,,,,,,,,N,N
11635,NJ14,13564.01*H,HELIPORT,PR,AEA,NYC,BRIDGEPORT,GLOUCESTER,NJ,LOGAN PLANT,PR,-75.34,39.78,5,WASHINGTON,1,S,,,,,,,,N,N
7406,LS34,07571.01*A,AIRPORT,PR,ASW,NONE,JEANERETTE,IBERIA,LA,PATOUTVILLE,PR,-91.72,29.89,12,HOUSTON,3,SW,5/1/1994,,,,,,,N,N
5346,0H2,04693.7*A,AIRPORT,PR,AGL,CHI,GODFREY,MADISON,IL,HAMMET,PR,-90.16,38.95,590,ST LOUIS,1,E,,,,,,,,N,N
3954,19FL,03555.17*H,HELIPORT,PR,ASO,ORL,WEST PALM BEACH,PALM BEACH,FL,WPTV,PR,-80.04,26.71,9,MIAMI,3,WSW,,,,,,,,N,N
4918,ID50,04209.3*A,AIRPORT,PR,ANM,SEA,IDAHO FALLS,JEFFERSON,ID,Q.B. ONE,PR,-112.24,43.6,4875,SALT LAKE CITY,11,NW,10/1/1985,,,,,,,N,N
18651,7WA4,26212.5*A,AIRPORT,PR,ANM,SEA,FORD,STEVENS,WA,HUMBERT,PR,-117.77,47.85,1890,SEATTLE,3,SE,12/1/1997,,,,,,,N,N
19120,5G4,27155.1*A,AIRPORT,PU,AGL,MSP,DRUMMOND,BAYFIELD,WI,EAU CLAIRE LAKES,PR,-91.49,46.34,1214,GREEN BAY,10,W,,,,N,N,N,N,N,N
4027,83GA,03653.1*A,AIRPORT,PR,ASO,ATL,BAINBRIDGE,DECATUR,GA,BROCK AIRPARK,PR,-84.5,30.99,130,JACKSONVILLE,5,N,8/1/1992,,,,,,,N,N
5220,7IS4,04562.31*H,HELIPORT,PR,AGL,CHI,DANVILLE,VERMILION,IL,DANVILLE CORRECTIONAL CENTER,PU,-87.53,40.13,650,CHICAGO,1,W,11/1/1985,,,,,,,N,N
4590,IA74,05999.01*H,HELIPORT,PR,ACE,NONE,FORT DODGE,WEBSTER,IA,TRINITY REGIONAL HOSPITAL,PR,-94.19,42.49,1000,OMAHA,0,N,6/1/1991,,,,,,,N,N
5088,H96,04427.*A,AIRPORT,PU,AGL,CHI,BENTON,FRANKLIN,IL,BENTON MUNI,PU,-88.93,38,444,ST LOUIS,1,W,,,NGY,N,N,N,Y,N,N
14737,9PS8,20439.11*A,AIRPORT,PR,AEA,HAR,GETTYSBURG,ADAMS,PA,MANOR LANDING,PR,-77.29,39.81,560,DETROIT,4,W,,,,,,,,N,N
1258,40G,00700.11*A,AIRPORT,PU,AWP,NONE,GRAND CANYON,COCONINO,AZ,VALLE,PR,-112.14,35.65,5999,PHOENIX,25,S,12/1/1992,,,,,,,N,N
1743,CL02,01542.37*H,HELIPORT,PR,AWP,NONE,EL SEGUNDO,LOS ANGELES,CA,KILROY AIRPORT CENTER,PR,-118.38,33.93,255,LOS ANGELES,2,NE,11/1/1983,,,,,,,N,N
6642,K63,06551.7*A,AIRPORT,PU,ACE,NONE,COUNCIL GROVE,MORRIS,KS,COUNCIL GROVE MUNI,PU,-96.57,38.67,1409,KANSAS CITY,3,NW,,,,,,,,N,N
8884,MY94,10623.01*A,AIRPORT,PR,AGL,MSP,CLOQUET,CARLTON,MN,COUNTRY HAVEN,PR,-92.41,46.75,1309,GREEN BAY,2,NE,12/1/1992,,,,,,,N,N
16396,9TA3,23674.85*A,AIRPORT,PR,ASW,NONE,CROSBY,HARRIS,TX,ROGERS,PR,-94.98,29.87,38,HOUSTON,5,SE,,,,,,,,N,N
1505,AAT,01234.*A,AIRPORT,PU,AWP,SFO,ALTURAS,MODOC,CA,ALTURAS MUNI,PU,-120.56,41.48,4374,KLAMATH FALLS,1,W,,,NGY,,,,,N,N
12498,3NK1,15381.*H,HELIPORT,PR,AEA,NYC,HARRIS,SULLIVAN,NY,COMMUNITY GENERAL HOSPITAL,PR,-74.73,41.7,1250,NEW YORK,1,W,9/1/1987,,,,,,,N,N
19209,68C,27269.*A,AIRPORT,PU,AGL,MSP,IOLA,WAUPACA,WI,CENTRAL COUNTY,PR,-89.02,44.5,876,GREEN BAY,4,E,,,,,,,,N,N
10204,5U9,12402.5*A,AIRPORT,PR,ANM,HLN,HINGHAM,HILL,MT,LINCOLNS FIELD,PR,-110.44,48.77,2931,GREAT FALLS,11,S,,,,N,N,N,N,N,N
7993,1W5,08534.5*A,AIRPORT,PU,AEA,DCA,ELDERSBURG,CARROLL,MD,HOBY WOLF,PR,-76.92,39.4,600,WASHINGTON,1,E,,,,N,N,N,N,N,N
9273,RRT,11053.*A,AIRPORT,PU,AGL,MSP,WARROAD,ROSEAU,MN,WARROAD INTL-SWEDE CARLSON FIELD,PU,-95.34,48.94,1074,TWIN CITIES,2,NW,,,NGY,N,Y,N,Y,N,N
5507,MQB,04841.1*A,AIRPORT,PU,AGL,CHI,MACOMB,MC DONOUGH,IL,MACOMB MUNI,PU,-90.65,40.52,705,CHICAGO,3,N,,,NGY,N,N,N,Y,N,N
10306,8U6,12523.*A,AIRPORT,PU,ANM,HLN,TERRY,PRAIRIE,MT,TERRY,PU,-105.3,46.77,2260,BILLINGS,1,SE,,,NGY,N,N,N,Y,N,N
575,89AK,50870.27*A,AIRPORT,PR,AAL,NONE,WASILLA,MATA-SUS BOROUGH,AK,LINCOLN VILLAGE AIRPARK,PR,-149.7,61.55,250,ANCHORAGE,8,SW,3/1/2000,,,,,,,N,N
9794,04MO,12183.9*A,AIRPORT,PR,ACE,NONE,VANDALIA,AUDRAIN,MO,AIRPARK PVT,PR,-91.45,39.3,767,KANSAS CITY,2,E,,,,,,,,N,N
11959,6NJ8,14456.*A,AIRPORT,PR,AEA,NYC,WHITEHOUSE STATION,HUNTERDON,NJ,LANCE,PR,-74.79,40.59,275,NEW YORK,2,SW,,,,,,,,N,N
8668,88G,10219.1*A,AIRPORT,PU,AGL,DET,PETERSBURG,MONROE,MI,GRADOLPH FLD,PR,-83.73,41.91,673,DETROIT,2,NW,,,,N,N,N,N,N,N
6346,IN93,05525.*A,AIRPORT,PR,AGL,CHI,NEW CARLISLE,ST JOSEPH,IN,HUSTONS,PR,-86.43,41.71,760,CHICAGO,3,E,,,,,,,,N,N
9850,0MS8,11144.2*A,AIRPORT,PR,ASO,JAN,BENOIT,WASHINGTON,MS,CATFISH POINT,PR,-91.16,33.69,154,MEMPHIS,5,SE,11/1/1986,,,,,,,N,N
2659,43CO,02614.65*A,AIRPORT,PR,ANM,DEN,FRANKTOWN,DOUGLAS,CO,KOSTROSKI,PR,-104.67,39.36,6700,DENVER,4,SE,,,,,,,,N,N
16192,TS78,23458.11*A,AIRPORT,PR,ASW,NONE,BOOKER,LIPSCOMB,TX,LOESCH RANCH,PR,-100.46,36.39,2804,WICHITA,5,NW,,,,,,,,N,N
11582,NH66,13415.*H,HELIPORT,PR,ANE,NONE,TEMPLE,HILLSBOROUGH,NH,TEMPLE,PR,-71.83,42.78,920,NEW YORK,2,N,2/1/1992,,,,,,,N,N
8667,MI48,10219.02*A,AIRPORT,PR,AGL,DET,PETERSBURG,MONROE,MI,HAM-A-LOT FIELD,PR,-83.68,41.83,680,DETROIT,3,S,,,,,,,,N,N
4088,GA75,03732.813*A,AIRPORT,PR,ASO,ATL,CONCORD,PIKE,GA,MEADOWLARK,PR,-84.4,33.08,784,ATLANTA,3,E,,,,,,,,N,N
17097,15XS,24225.8*A,AIRPORT,PR,ASW,NONE,LIVERPOOL,BRAZORIA,TX,TOY AIRPARK,PR,-95.33,29.33,36,HOUSTON,5,NW,6/1/1997,,,,,,,N,N
7564,9LA5,07703.*H,HELIPORT,PR,ASW,NONE,PINEVILLE,RAPIDES,LA,HUEY P LONG REGIONAL MEDICAL CENTER,PU,-92.44,31.32,70,HOUSTON,0,N,,,,,,,,N,N
12595,7NK0,15675.*A,AIRPORT,PR,AEA,NYC,MIDDLEBURGH,SCHOHARIE,NY,VALLEY VIEW,PR,-74.38,42.64,1160,NEW YORK,5,NW,6/1/1999,,,,,,,N,N
2413,CL96,02389.11*H,HELIPORT,PR,AWP,SFO,VACAVILLE,SOLANO,CA,VACA VALLEY HOSPITAL,PR,-121.95,38.35,110,SAN FRANCISCO,2,E,8/1/1987,,,,,,,N,N
746,AL70,00380.*H,HELIPORT,PR,ASO,JAN,HOOVER,CULLMAN,AL,T.V. ALABAMA,PR,-86.78,33.35,550,ATLANTA,3,S,2/1/1999,,,,,,,N,N
6371,36IN,05540.81*U,ULTRALIGHT,PR,AGL,CHI,NORTH LIBERTY,ST JOSEPH,IN,PETERSON,PR,-86.44,41.53,730,CHICAGO,1,W,4/1/1990,,,,,,,N,N
5232,IS80,04567.06*A,AIRPORT,PR,AGL,CHI,DE KALB,DE KALB,IL,UNCLE CHUCK'S,PR,-88.78,41.91,880,CHICAGO,1,SW,10/1/1981,,,,,,,N,N
9237,MN51,11007.51*A,AIRPORT,PR,AGL,MSP,STACY,CHISAGO,MN,BOWERS,PR,-92.97,45.45,909,TWIN CITIES,4,N,8/1/1991,,,,,,,N,N
14277,S33,19505.*A,AIRPORT,PU,ANM,SEA,MADRAS,JEFFERSON,OR,CITY-COUNTY,PU,-121.16,44.66,2434,SEATTLE,3,NW,,,NGPY,N,N,N,Y,N,N
7654,LS09,07766.*A,AIRPORT,PR,ASW,NONE,VILLE PLATTE,EVANGELINE,LA,SYLVESTER'S,PR,-92.31,30.69,70,HOUSTON,1,W,8/1/1985,,,,,,,N,N
1226,AZ00,00666.61*U,ULTRALIGHT,PR,AWP,NONE,DATELAND,YUMA,AZ,MORTON FIELD,PR,-113.5,32.8,475,PHOENIX,2,E,2/1/1999,,,,,,,N,N
7384,3L1,07555.7*C,SEAPLANE BASE,PU,ASW,NONE,HOUMA,TERREBONNE,LA,CHARLIE HAMMONDS,PR,-90.71,29.58,5,NEW ORLEANS,0,S,,,,,,N,N,N,N
17933,UT68,25205.07*A,AIRPORT,PR,ANM,DEN,MOAB,SAN JUAN,UT,TANGRI-LA,PR,-109.66,38.47,3940,DENVER,8,SW,8/1/1994,,,,,,,N,N
4121,GA21,03753.1*A,AIRPORT,PR,ASO,ATL,DARIEN,MC INTOSH,GA,PATTERSON ISLAND,PR,-81.33,31.46,10,JACKSONVILLE,7,NE,,,,,,,,N,N
3740,8FD7,03406.27*H,HELIPORT,PR,ASO,ORL,ORLANDO,ORANGE,FL,LUCERNE MEDICAL CENTER,PR,-81.37,28.53,117,JACKSONVILLE,0,N,3/1/1988,,,,,,,N,N
17196,TS64,24346.43*H,HELIPORT,PR,ASW,NONE,MESQUITE,DALLAS,TX,KIMI,PR,-96.56,32.7,440,DALLAS-FT WORTH,4,SE,3/1/1984,,,,,,,N,N
16956,48T,24131.12*A,AIRPORT,PR,ASW,NONE,JOHNSON CITY,BLANCO,TX,BAMBERGER RANCH,PR,-98.43,30.21,1540,SAN ANTONIO,4,S,,,,,,,,N,N
10299,MT32,12513.01*A,AIRPORT,PR,ANM,HLN,STEVENSVILLE,RAVALLI,MT,CKYE FIELD,PR,-114.03,46.53,3600,GREAT FALLS,3,NE,,,,,,,,N,N
4835,ID74,04164.02*A,AIRPORT,PR,ANM,SEA,CASCADE,VALLEY,ID,SULPHUR CREEK RANCH,PR,-115.35,44.53,5835,SALT LAKE CITY,50,E,5/1/1996,,,,,,,N,N
13682,6OK2,18865.01*A,AIRPORT,PR,ASW,NONE,CHICKASHA,GRADY,OK,REDHILLS,PR,-97.89,35.06,1175,DALLAS-FT WORTH,2,NE,5/1/1994,,,,,,,N,N
17363,9TX3,24519.1*A,AIRPORT,PR,ASW,NONE,PLAINVIEW,HALE,TX,HORAN,PR,-101.63,34.16,3339,DALLAS-FT WORTH,3,E,,,,,,,,N,N
2164,99L,02058.15*H,HELIPORT,PR,AWP,NONE,POMONA,LOS ANGELES,CA,POMONA SUPERIOR COURT,PU,-117.74,34.5,1000,LOS ANGELES,0,N,,,,,,,,N,N
6070,IN68,05244.1*A,AIRPORT,PR,AGL,CHI,ELIZABETH,HARRISON,IN,STEWART,PR,-86.01,38.13,700,ST LOUIS,2,NW,11/1/1988,,,,,,,N,N
13429,5.00E+09,18427.*A,AIRPORT,PU,AGL,DET,RADNOR,DELAWARE,OH,PACKER,PR,-83.21,40.4,918,DETROIT,3,NW,,,,N,N,,,N,N
13676,O49,18860.*A,AIRPORT,PR,ASW,NONE,CHELSEA,ROGERS,OK,MONARCH FIELD,PR,-95.46,36.52,755,KANSAS CITY,2,SW,,,,,,,,N,N
11263,FBY,12704.*A,AIRPORT,PU,ACE,NONE,FAIRBURY,JEFFERSON,NE,FAIRBURY MUNICIPAL,PU,-97.16,40.18,1479,OMAHA,3,NE,,,NGY,N,N,N,Y,N,N
19633,WV54,26868.*H,HELIPORT,PR,AEA,BKW,RITA,LOGAN,WV,WALKER VI,PR,-81.93,37.77,700,CINCINNATI,0,N,8/1/1992,,,,,,,N,N
14849,08N,20736.*A,AIRPORT,PU,AEA,HAR,LEBANON,LEBANON,PA,KELLER BROTHERS,PR,-76.32,40.29,550,NEW YORK,5,SE,,,,N,N,,,N,N
104,CZO,50101.*A,AIRPORT,PU,AAL,NONE,CHISTOCHINA,VALDEZ-CHITNA-WHITIE,AK,CHISTOCHINA,PU,-144.66,62.56,1850,ANCHORAGE,0,SW,,,,N,N,N,N,N,N
5317,50IS,04660.01*H,HELIPORT,PR,AGL,CHI,FREEPORT,STEPHENSON,IL,MEMORIAL,PR,-89.63,42.29,870,CHICAGO,0,W,12/1/1987,,,,,,,N,N
595,68A,50905.*C,SEAPLANE BASE,PU,AAL,NONE,WRANGELL,WRANGELL-PETERSBURG,AK,WRANGELL,PU,-132.38,56.46,0,JUNEAU,0,S,,,NY1,Y,N,N,Y,N,N
18269,59VA,25906.01*H,HELIPORT,PR,AEA,DCA,NORTON,WISE,VA,HUMPHREY'S,PR,-82.64,36.94,2000,CINCINNATI,1,N,10/1/1986,,,,,,,N,N
2948,7B9,02810.1*A,AIRPORT,PU,ANE,NONE,ELLINGTON,TOLLAND,CT,ELLINGTON,PR,-72.45,41.92,253,NEW YORK,2,N,,,,N,N,N,N,N,N
54,WBQ,50058.*A,AIRPORT,PU,AAL,NONE,BEAVER,UPPER YUKON,AK,BEAVER,PU,-147.4,66.36,365,FAIRBANKS,0,N,,,NGS,N,N,N,,N,N
4368,OPN,04047.*A,AIRPORT,PU,ASO,ATL,THOMASTON,UPSON,GA,THOMASTON-UPSON COUNTY,PU,-84.26,32.95,796,ATLANTA,5,NE,7/1/1994,,NGY,,,,,N,N
7872,MA72,09349.*A,AIRPORT,PR,ANE,NONE,TUCKERNUCK ISLAND,NANTUCKET,MA,TUCKERNUCK,PR,-70.26,41.28,30,NEW YORK,0,W,,,,,,,,N,N
12457,NY87,15253.*A,AIRPORT,PR,AEA,NYC,FORT JOHNSON,MONTGOMERY,NY,AMSTERDAM AIRFIELD,PR,-74.25,42.96,340,NEW YORK,1,W,,,,,,N,N,N,N
14099,85OR,19373.*A,AIRPORT,PR,ANM,SEA,BLY,KLAMATH,OR,ALLEN'S AIRSTRIP,PR,-121.04,42.4,4410,SEATTLE,1,NE,6/1/1987,,,,,,,N,N
11862,2NJ6,14183.2*A,AIRPORT,PR,AEA,NYC,PHILLIPSBURG,WARREN,NJ,MARKLE,PR,-75.15,40.77,320,NEW YORK,5,N,,,,,,,,N,N
5806,IS71,04999.45*A,AIRPORT,PR,AGL,CHI,SHIRLAND,WINNEBAGO,IL,KOCH,PR,-89.19,42.45,800,CHICAGO,1,N,5/1/1999,,,,,,,N,N
8284,ME84,08344.*A,AIRPORT,PR,ANE,NONE,SWANS ISLAND,HANCOCK,ME,BANKS,PR,-68.42,44.16,100,HALIFAX,5,N,1/1/1983,,,,,,,N,N
14174,5S7,19426.7*A,AIRPORT,PR,ANM,SEA,ECHO,UMATILLA,OR,WEST BUTTERCREEK,PR,-119.38,45.66,917,SEATTLE,10,SW,,,,,,,,N,N
15588,SD83,22656.2*A,AIRPORT,PR,AGL,BIS,DESMET,KINGSBURY,SD,LEE,PR,-97.6,44.21,1555,OMAHA,12,E,12/1/1997,,,,,,,N,N
11130,NA79,17470.512*A,AIRPORT,PR,AGL,BIS,TURTLE LAKE,MC LEAN,ND,PHILBRICK PVT. AIRSTRIP,PR,-100.88,47.4,1915,TWIN CITIES,7,S,7/1/1982,,,,,,,N,N
7788,MA12,09063.1*C,SEAPLANE BASE,PR,ANE,NONE,MARSTONS MILLS,BARNSTABLE,MA,MARSTON MILLS,PR,-70.41,41.66,44,NEW YORK,1,N,10/1/1994,,,,,,,N,N
8897,5MN7,10648.01*A,AIRPORT,PR,AGL,MSP,DEERWOOD,CROW WING,MN,LINDEY'S LANDING,PR,-93.93,46.38,1295,TWIN CITIES,5,S,,,,,,,,N,N
17420,83TA,24579.*A,AIRPORT,PR,ASW,NONE,PURDON,NAVARRO,TX,RAINBOW FIELD,PR,-96.6,31.9,365,HOUSTON,4,SE,11/1/1992,,,,,,,N,N
2491,76CO,02518.3*A,AIRPORT,PR,ANM,DEN,BENNETT,ADAMS,CO,HOY AIRSTRIP,PR,-104.42,39.83,5310,DENVER,5,S,11/1/1985,,,,,,,N,N
2476,5V6,02503.1*A,AIRPORT,PU,ANM,DEN,AKRON,WASHINGTON,CO,GEBAUER,PR,-103.09,40.24,4509,CHEYENNE,8,NE,,,,,,,,N,N
3367,69J,03204.5*A,AIRPORT,PR,ASO,ORL,FREEPORT,WALTON,FL,OWLS HEAD FARM,PR,-86.07,30.55,132,NEW ORLEANS,4,NE,,,,,,,,N,N
18665,2WA4,26229.01*A,AIRPORT,PR,ANM,SEA,GRAHAM,PIERCE,WA,MOSS FIELD,PR,-122.29,47.07,550,SEATTLE,2,N,,,,,,,,N,N
4872,ID76,04179.01*A,AIRPORT,PR,ANM,SEA,DIXIE,IDAHO,ID,WILSON BAR USFS,PU,-115.48,45.39,2250,GREAT FALLS,8,S,,,,,,,,N,N
5644,67LL,04922.932*A,AIRPORT,PR,AGL,CHI,OREGON,OGLE,IL,COUNTY POOR FARM,PR,-89.33,41.99,695,CHICAGO,1,NE,,,,,,,,N,N
6262,6I4,05431.1*A,AIRPORT,PU,AGL,CHI,LEBANON,BOONE,IN,BOONE COUNTY,PR,-86.44,40,959,CHICAGO,2,SE,,,,N,N,N,N,N,N
16910,HOU,24071.*A,AIRPORT,PU,ASW,NONE,HOUSTON,HARRIS,TX,WILLIAM P HOBBY,PU,-95.27,29.64,46,HOUSTON,8,SE,,CS 05/1973,NGY3,N,Y,N,Y,Y,Y
11941,NJ81,14386.*A,AIRPORT,PR,AEA,NYC,VINELAND,CUMBERLAND,NJ,FREE SPIRIT,PR,-74.94,39.44,85,WASHINGTON,5,SE,11/1/1990,,,,,,,N,N
18450,VT50,25410.01*H,HELIPORT,PR,ANE,NONE,ENOSBURG FALLS,FRANKLIN,VT,ENOSBURG FALLS ARMORY,PR,-72.8,44.91,410,MONTREAL,0,E,,,,,,,,N,N
8694,D98,10283.*A,AIRPORT,PU,AGL,DET,ROMEO,MACOMB,MI,ROMEO STATE,PU,-82.97,42.79,745,DETROIT,2,E,,,N,N,N,N,N,N,N
8142,ME86,07810.1*C,SEAPLANE BASE,PR,ANE,NONE,ASHLAND,PISCATAQUIS,ME,MILLINOCKET LAKE,PR,-68.84,46.3,754,HALIFAX,26,SW,3/1/1998,,,,,,,N,N
13141,0G2,17937.*A,AIRPORT,PR,AGL,DET,FREMONT,SANDUSKY,OH,JENKINS,PR,-83.11,41.3,655,DETROIT,3,S,,,,,,,,N,N
7382,LA73,07555.14*A,AIRPORT,PR,ASW,NONE,HOUMA,TERREBONNE,LA,HUFFAKER FIELD,PR,-90.8,29.6,6,NEW ORLEANS,4,E,8/1/1995,,,,,,,N,N
6510,3WK,05700.1*A,AIRPORT,PR,AGL,CHI,VALPARAISO,PORTER,IN,WYCKOFF AIRSTRIP,PR,-86.95,41.48,780,CHICAGO,5,NE,,,,,,,,N,N
8396,53G,09699.01*A,AIRPORT,PR,AGL,DET,CROSWELL,SANILAC,MI,PECK AIR PARK,PR,-82.69,43.25,770,DETROIT,4,W,,,,,,,,N,N
13609,37OK,18771.01*H,HELIPORT,PR,ASW,NONE,ADA,PONTOTOC,OK,VALLEY VIEW HOSPITAL,PR,-96.63,34.77,1072,DALLAS-FT WORTH,0,N,8/1/1985,,,,,,,N,N
9441,MO36,11728.83*A,AIRPORT,PR,ACE,NONE,FORISTELL,ST CHARLES,MO,RIDDLE'S ROOST,PR,-90.92,38.83,650,,3,NE,12/1/1999,,,,,,,N,N
2370,8CA1,02333.*H,HELIPORT,PR,AWP,NONE,SYLMAR,LOS ANGELES,CA,MERLE NORMAN COSMETICS (SYLMAR),PR,-118.46,34.3,1215,LOS ANGELES,2,W,,,,,,,,N,N
5901,0IS9,05054.53*H,HELIPORT,PR,AGL,CHI,WEST BROOKLYN,LEE,IL,BERNARDIN,PR,-89.2,41.7,830,CHICAGO,4,NW,11/1/1982,,,,,,,N,N
3183,5FD5,03057.11*A,AIRPORT,PR,ASO,ORL,BLOUNTSTOWN,CALHOUN,FL,ABLE AIRPARK,PR,-84.98,30.59,100,NEW ORLEANS,10,E,3/1/1988,,,,,,,N,N
14233,7S9,19474.*A,AIRPORT,PU,ANM,SEA,HUBBARD,CLACKAMAS,OR,LENHARDT AIRPARK,PR,-122.74,45.18,165,SEATTLE,3,E,,,,N,N,N,N,N,N
39,Z43,50039.01*C,SEAPLANE BASE,PU,AAL,NONE,ANNETTE,KETCHIKAN,AK,TAMGAS HARBOR,PU,-131.55,55.06,0,KETCHIKAN,2,NE,,,1,N,N,N,N,N,N
18921,TIW,26434.4*A,AIRPORT,PU,ANM,SEA,TACOMA,PIERCE,WA,TACOMA NARROWS,PU,-122.57,47.26,292,SEATTLE,4,W,,,NGY,N,Y,N,Y,Y,N
9456,36M,11748.4*A,AIRPORT,PR,ACE,NONE,GOLDEN,BARRY,MO,TABLE ROCK,PR,-93.67,36.52,1053,KANSAS CITY,1,W,,,,,,,,N,N
6803,3KS6,06748.01*H,HELIPORT,PR,ACE,NONE,MANHATTAN,RILEY,KS,ST MARY HOSPITAL,PR,-96.58,39.18,1150,KANSAS CITY,4,SW,,,,,,,,N,N
13040,6OI9,17782.8*H,HELIPORT,PR,AGL,DET,COLUMBUS,FRANKLIN,OH,RED ROOF INNS,PR,-83.12,40.05,873,DETROIT,5,E,2/1/1982,,,,,,,N,N
6490,C64,05682.*A,AIRPORT,PR,AGL,CHI,SYRACUSE,KOSCIUSKO,IN,WAWASEE,PR,-85.69,41.41,880,CHICAGO,3,E,,,,N,N,N,N,N,N
665,AL02,00244.5*A,AIRPORT,PR,ASO,JAN,COTTONDALE,TUSCALOOSA,AL,RAINEY FIELD,PR,-87.44,33.15,300,ATLANTA,3,SE,,,,,,,,N,N
15586,SD46,22655.12*A,AIRPORT,PR,AGL,BIS,DELL RAPIDS,MINNEHAHA,SD,JENSEN,PR,-96.85,43.83,1520,OMAHA,4,W,,,,,,,,N,N
12520,1NK9,15469.*H,HELIPORT,PR,AEA,NYC,HUNTINGTON,SUFFOLK,NY,HUNTINGTON EMERGENCY HELISTOP,PU,-73.42,40.88,12,NEW YORK,1,N,,,,,,,,N,N
15061,P15,21265.*A,AIRPORT,PU,AEA,HAR,PITTSFIELD,WARREN,PA,BROKENSTRAW,PR,-79.36,41.83,1230,DETROIT,1,E,,,,N,N,,,N,N
1239,FHU,00682.*A,AIRPORT,PU,AWP,NONE,FORT HUACHUCA SIERRA VISTA,COCHISE,AZ,SIERRA VISTA MUNI-LIBBY AAF,MR,-110.34,31.58,4719,PHOENIX,3,N,,AS 04/1988,NGSY,N,N,Y,Y,Y,N
15927,JWN,23122.1*A,AIRPORT,PU,ASO,MEM,NASHVILLE,DAVIDSON,TN,JOHN C TUNE,PU,-86.88,36.18,495,ST LOUIS,1,NW,7/1/1986,,NGY,,,,,N,N
3663,FD97,03379.01*H,HELIPORT,PR,ASO,ORL,NAPLES,COLLIER,FL,NAPLES HOSPITAL,PR,-81.79,26.15,42,MIAMI,0,N,11/1/1986,,,,,,,N,N
14522,PA36,19810.*A,AIRPORT,PR,AEA,HAR,BEDMINSTER,BUCKS,PA,STEFANIK,PR,-75.2,40.45,520,NEW YORK,2,NW,,,,N,N,N,N,N,N
17766,CNW,24980.*A,AIRPORT,PU,ASW,NONE,WACO,MC LENNAN,TX,TSTC WACO,PU,-97.07,31.63,470,SAN ANTONIO,8,NE,,,NGY,N,N,N,Y,Y,N
18295,85VA,25963.01*C,SEAPLANE BASE,PR,AEA,DCA,REEDVILLE,NORTHUMBERLAND,VA,LAND'S END,PR,-76.24,37.85,0,WASHINGTON,1,NE,2/1/1994,,,,,,,N,N
10209,MT62,12404.1*S,STOLPORT,PR,ANM,HLN,HUSON,MISSOULA,MT,TED LUARK PRIVATE,PR,-114.48,47.06,3500,GREAT FALLS,9,NW,2/1/1987,,,,,,,N,N
8707,83D,10313.*A,AIRPORT,PU,AGL,DET,ST IGNACE,MACKINAC,MI,MACKINAC COUNTY,PU,-84.73,45.89,623,LAKE HURON,2,NW,,,NGY,N,N,N,Y,N,N
12066,73E,14634.2*H,HELIPORT,PR,ASW,NONE,LAS CRUCES,DONA ANA,NM,MEMORIAL MEDICAL CENTER,PR,-106.74,32.28,4028,ALBUQUERQUE,0,SE,,,,,,,,N,N
2858,6CO6,02741.5*A,AIRPORT,PR,ANM,DEN,SUGAR CITY,CROWLEY,CO,SAND ARROYA,PR,-103.52,38.45,4570,WICHITA,15,NE,,,,,,,,N,N
4281,GA79,03941.53*A,AIRPORT,PR,ASO,ATL,NEWNAN,COWETA,GA,DRESDEN,PR,-84.91,33.34,800,ATLANTA,6,SW,,,,,,,,N,N
1398,E77,00786.7*A,AIRPORT,PU,AWP,NONE,SAN MANUEL,PINAL,AZ,SAN MANUEL,PR,-110.64,32.63,3275,PHOENIX,2,NW,,,,N,N,,,N,N
2306,CL86,02240.*H,HELIPORT,PR,AWP,SFO,SANTA CLARA,SANTA CLARA,CA,MC CANDLESS TOWERS,PR,-121.97,37.38,201,SAN FRANCISCO,0,N,2/1/1987,,,,,,,N,N
174,2AK2,50216.31*A,AIRPORT,PR,AAL,NONE,FAIRBANKS /FT WAINWRIGHT/,FAIRBANKS,AK,CLEAR CREEK,MA,-147.56,64.45,660,FAIRBANKS,23,SE,,,,N,N,,,N,N
7302,LA90,07481.01*A,AIRPORT,PR,ASW,NONE,CROWLEY,ACADIA,LA,WALSH,PR,-92.42,30.46,26,HOUSTON,5,SE,4/1/1997,,,,,,,N,N
13492,OH18,18563.44*A,AIRPORT,PR,AGL,DET,SYCAMORE,WYANDOT,OH,FREEFALL FIELD,PR,-83.14,40.93,885,DETROIT,2,SE,4/1/1991,,,,,,,N,N
15059,AGC,21251.*A,AIRPORT,PU,AEA,HAR,PITTSBURGH,ALLEGHENY,PA,ALLEGHENY COUNTY,PU,-79.93,40.35,1252,DETROIT,4,SE,,AU 07/1973,NGY,N,Y,,Y,Y,N
9135,MN85,10882.1*A,AIRPORT,PR,AGL,MSP,ONAMIA,MILLE LACS,MN,SWIDERSKI FIELD,PR,-93.66,46.03,1250,TWIN CITIES,2,S,,,,,,N,N,N,N
3849,PIE,03475.*A,AIRPORT,PU,ASO,ORL,ST PETERSBURG-CLEARWATER,PINELLAS,FL,ST PETERSBURG-CLEARWATER INTL,PU,-82.68,27.91,11,MIAMI,8,N,,CS 11/1974,NGPRY3,N,Y,N,Y,Y,Y
7727,3MA4,08812.01*H,HELIPORT,PR,ANE,NONE,CHATHAM,BARNSTABLE,MA,NORTH CHATHAM,PR,-69.96,41.71,10,NEW YORK,3,NE,2/1/1987,,,,,,,N,N
4948,0U5,04246.61*A,AIRPORT,PR,ANM,SEA,MALTA,CASSIA,ID,INTERSTATE,PU,-113.3,42.27,4580,SALT LAKE CITY,3,SE,,,,,,N,N,N,N
9787,MU89,12166.1*A,AIRPORT,PR,ACE,NONE,TROY,LINCOLN,MO,WOODLAND AIRSTRIP,PR,-91.03,38.91,625,KANSAS CITY,7,S,2/1/1988,,,,,,,N,N
10050,MS39,11448.1*A,AIRPORT,PR,ASO,JAN,TAYLORSVILLE,SMITH,MS,SMITH COUNTY,PR,-89.45,31.82,332,NEW ORLEANS,2,SW,,,,,,,,N,N
4080,1GA1,03728.1*H,HELIPORT,PR,ASO,ATL,COLUMBUS,MUSCOGEE,GA,PRATT AND WHITNEY AIRCRAFT,PR,-84.83,32.54,430,ATLANTA,0,N,,,,,,,,N,N
11403,7NE5,12875.01*A,AIRPORT,PR,ACE,NONE,PAXTON,KEITH,NE,LIERLEY FARMS,PR,-101.36,41.06,3220,CHEYENNE,3,SW,,,,,,,,N,N
8411,5MI0,09725.04*H,HELIPORT,PR,AGL,DET,DETROIT,WAYNE,MI,DETROIT MEDICAL CENTER,PR,-83.05,42.35,630,DETROIT,4,N,,,,,,,,N,N
11832,1NJ6,14057.*H,HELIPORT,PR,AEA,NYC,NEWFOUNDLAND,PASSAIC,NJ,IDYLEASE HELISTOP,PR,-74.43,41.05,525,NEW YORK,0,,,,,,,,,N,N
16204,BBD,23477.*A,AIRPORT,PU,ASW,NONE,BRADY,MC CULLOCH,TX,CURTIS FIELD,PU,-99.32,31.17,1827,SAN ANTONIO,3,NE,,,NR,N,N,N,Y,N,N
13929,OK17,19157.01*A,AIRPORT,PR,ASW,NONE,PERRY,NOBLE,OK,JEROME,PR,-97.28,36.35,967,WICHITA,3,N,,,,,,,,N,N
5886,42IL,05038.551*A,AIRPORT,PR,AGL,CHI,WARRENSBURG,MACON,IL,OWINGS,PR,-89.08,39.98,625,ST LOUIS,4,NW,7/1/1990,,,,,,,N,N
17080,TE06,24205.01*A,AIRPORT,PR,ASW,NONE,LEONARD,FANNIN,TX,CASEY FIELD,PR,-96.31,33.37,670,DALLAS-FT WORTH,5,E,7/1/1987,,,,,,,N,N
13442,1OH4,18468.8*A,AIRPORT,PR,AGL,DET,ST MARYS,AUGLAIZE,OH,FORTMAN,PR,-84.38,40.55,885,DETROIT,0,N,,,,,,,,N,N
9115,23Y,10845.*A,AIRPORT,PU,AGL,MSP,MURDOCK,SWIFT,MN,MURDOCK MUNI,PU,-95.4,45.22,1082,TWIN CITIES,0,S,,,,,,,,N,N
5641,IS30,04922.3*H,HELIPORT,PR,AGL,CHI,OLYMPIA FIELDS,COOK,IL,OLYMPIA FIELDS OSTEOPATHIC MEDICAL CENTER,PR,-87.71,41.52,711,CHICAGO,0,N,10/1/1989,,,,,,,N,N
1729,7Q3,01535.*A,AIRPORT,PR,AWP,SFO,ELK CREEK,GLENN,CA,DIAMOND M RANCH,PR,-122.6,39.57,1296,SAN FRANCISCO,3,SW,,,,,,N,N,N,N
19721,LAR,27834.*A,AIRPORT,PU,ANM,DEN,LARAMIE,ALBANY,WY,LARAMIE REGIONAL,PU,-105.67,41.31,7278,CHEYENNE,3,W,,AS 05/1973,NGY3,N,N,N,Y,N,N
17901,HVE,25160.*A,AIRPORT,PU,ANM,DEN,HANKSVILLE,WAYNE,UT,HANKSVILLE,PU,-110.7,38.41,4444,DENVER,3,N,,,N,,,,,N,N
8296,ME64,08400.*A,AIRPORT,PR,ANE,NONE,WEST LEBANON,YORK,ME,SKYDIVE LEBANON,PR,-70.92,43.37,365,NEW YORK,1,SE,3/1/1992,,,,,,,N,N
7438,31LA,07589.01*H,HELIPORT,PR,ASW,NONE,LAFAYETTE,LAFAYETTE,LA,OPERATORS INC TRAINING FACILITY,PR,-92.07,30.22,30,HOUSTON,1,E,,,,,,,,N,N
12738,1NY4,16095.9*A,AIRPORT,PR,AEA,NYC,SARANAC,CLINTON,NY,HIGH BANKS FARM LANDING AREA,PR,-73.91,44.61,1520,MONTREAL,0,,,,,,,,,N,N
18842,4WA0,26390.2*A,AIRPORT,PR,ANM,SEA,ROYAL CITY,GRANT,WA,B & G FARMS,PR,-119.73,46.94,1120,SEATTLE,5,W,3/1/1996,,,,,,,N,N
18108,3VA9,25725.01*H,HELIPORT,PR,AEA,DCA,DANVILLE,PITTSYLVANIA,VA,DANVILLE LIFE SAVING CREW,PR,-79.4,36.58,520,WASHINGTON,0,N,2/1/1993,,,,,,,N,N
16328,0T9,23635.02*H,HELIPORT,PR,ASW,NONE,COLLEGE STATION,BRAZOS,TX,TEXAS WORLD SPEEDWAY HELISTOP NR 2,PR,-96.22,30.53,270,HOUSTON,7,SE,,,,,,,,N,N
11804,7NJ5,14031.02*H,HELIPORT,PR,AEA,NYC,MORRISTOWN,MORRIS,NJ,MORRISTOWN MEMORIAL HOSPITAL,PR,-74.46,40.78,422,NEW YORK,0,N,8/1/1997,,,,,,,N,N
5043,ALN,04372.*A,AIRPORT,PU,AGL,CHI,ALTON/ST LOUIS,MADISON,IL,ST LOUIS REGIONAL,PU,-90.04,38.89,544,ST LOUIS,4,E,,AU 10/1974,NGY,N,N,N,Y,Y,N
7542,LA80,07671.26*H,HELIPORT,PR,ASW,NONE,NEW ORLEANS,JEFFERSON,LA,POPEYES,PR,-90.18,29.96,6,NEW ORLEANS,5,N,6/1/1989,,,,,,,N,N
2552,CO24,02543.1*H,HELIPORT,PR,ANM,DEN,COLORADO SPRINGS,EL PASO,CO,PENROSE HOSPITAL,PR,-104.82,38.86,6132,DENVER,1,N,,,,,,,,N,N
10546,48NC,16861.12*A,AIRPORT,PR,ASO,ATL,LEXINGTON,DAVIDSON,NC,MORRISON FIELD,PR,-80.41,35.78,825,CHARLOTTE,15,SW,2/1/2000,,,,,,,N,N
17474,TS90,24656.*A,AIRPORT,PR,ASW,NONE,ROSHARON,BRAZORIA,TX,BAYLESS,PR,-95.43,29.4,49,HOUSTON,3,SW,7/1/1984,,,,,,,N,N
7466,3LA9,07595.5*A,AIRPORT,PR,ASW,NONE,LAKE CHARLES,CALCASIEU,LA,MORGAN CROP SERVICE,PR,-93.08,30.22,12,HOUSTON,6,E,,,,,,,,N,N
19680,WY43,27765.03*H,HELIPORT,PR,ANM,DEN,CODY,PARK,WY,DAVIS,PR,-108.94,44.51,5100,BILLINGS,3,S,2/1/2000,,,,,,,N,N
19294,MRJ,27390.1*A,AIRPORT,PU,AGL,MSP,MINERAL POINT,IOWA,WI,IOWA COUNTY,PU,-90.23,42.88,1177,CHICAGO,3,NW,,,NGY,N,N,N,N,N,N
12286,NK33,14789.2*H,HELIPORT,PR,AEA,NYC,ALBANY,ALBANY,NY,NY STATE POLICE - TROOP T,PU,-73.78,42.61,250,NEW YORK,2,S,,,,,,,,N,N
13791,O35,19025.11*A,AIRPORT,PU,ASW,NONE,HOLLIS,HARMON,OK,HOLLIS MUNI,PU,-99.9,34.7,1658,DALLAS-FT WORTH,2,N,,,NGY,N,N,N,Y,N,N
7982,MD41,08518.3*A,AIRPORT,PR,AEA,DCA,DENTON,CAROLINE,MD,GARY FIELD,PR,-75.91,38.89,50,WASHINGTON,3,W,,,,,,,,N,N
11334,NE57,12790.5*A,AIRPORT,PR,ACE,NONE,LIBERTY,GAGE,NE,THOMAS,PR,-96.47,40.09,1350,OMAHA,0,N,,,,,,,,N,N
3208,57FD,03083.04*A,AIRPORT,PR,ASO,ORL,BROOKSVILLE,HERNANDO,FL,SUNSET STRIP AIRPARK,PR,-82.22,28.53,70,JACKSONVILLE,7,W,8/1/1992,,,,,,,N,N
9006,HIB,10737.*A,AIRPORT,PU,AGL,MSP,HIBBING,ST LOUIS,MN,CHISHOLM-HIBBING,PU,-92.83,47.38,1353,GREEN BAY,4,SE,,AS 06/1973,NGY3,N,N,N,Y,N,N
8824,MN79,10539.*A,AIRPORT,PR,AGL,MSP,BECKER,SHERBURNE,MN,SCHROEDER,PR,-93.85,45.43,970,TWIN CITIES,2,N,6/1/1992,,,,,,,N,N
8004,MD87,08549.8*A,AIRPORT,PR,AEA,DCA,FISHING CREEK,DORCHESTER,MD,WROTEN ISLAND,PR,-76.19,38.32,5,WASHINGTON,3,W,,,,,,,,N,N
2697,92CO,02636.7*G,GLIDERPORT,PR,ANM,DEN,HILLSIDE,FREMONT,CO,LAKE CREEK SOARINGPORT,PR,-105.61,38.29,7200,DENVER,2,S,11/1/1986,,,,,,,N,N
16716,TE54,23949.9*H,HELIPORT,PR,ASW,NONE,GOLDEN,WOOD,TX,ALBA-GOLDEN,PR,-95.56,32.72,425,DALLAS-FT WORTH,0,W,2/1/1999,,,,,,,N,N
13311,OH93,18204.*A,AIRPORT,PR,AGL,DET,MILFORD CENTER,UNION,OH,DARBY,PR,-83.39,40.14,972,DETROIT,3,SE,,,,,,,,N,N
17869,66V,25106.8*A,AIRPORT,PU,ANM,DEN,BLUFF,SAN JUAN,UT,BLUFF,PU,-109.63,37.25,4476,DENVER,4,SW,,,,N,N,,,N,N
15738,4TN0,22865.6*A,AIRPORT,PR,ASO,MEM,BLAINE,KNOX,TN,MELTON FIELD,PR,-83.73,36.15,1060,CINCINNATI,2,W,11/1/1992,,,,,,,N,N
11918,JY07,14340.*A,AIRPORT,PR,AEA,NYC,STEWARTSVILLE,WARREN,NJ,AIR-LIST-ADS,PR,-75.13,40.69,360,NEW YORK,1,W,10/1/1987,,,,,,,N,N
5495,IS00,04836.2*A,AIRPORT,PR,AGL,CHI,LOWPOINT,WOODFORD,IL,JAY SCHERTZ FARM,PR,-89.27,40.84,780,CHICAGO,3,SW,,,,,,,,N,N
6264,II28,05432.4*A,AIRPORT,PR,AGL,CHI,LEO,ALLEN,IN,STETTLER STRIP,PR,-85.06,41.21,860,CHICAGO,2,W,3/1/1996,,,,,,,N,N
1386,E76,00777.*A,AIRPORT,PR,AWP,NONE,RIMROCK,YAVAPAI,AZ,RIMROCK,PR,-111.78,34.65,3575,PHOENIX,3,W,,,,,,N,N,N,N
18815,WN55,26377.8*A,AIRPORT,PR,ANM,SEA,RANDLE,LEWIS,WA,RANDLE-KIONA AIRPARK,PR,-122,46.51,934,SEATTLE,3,SW,8/1/1985,,,,,,,N,N
13883,40OK,19130.8*A,AIRPORT,PR,ASW,NONE,OILTON,CREEK,OK,HILLTOP,PR,-96.53,36.11,930,KANSAS CITY,3,NE,1/1/1998,,,,,,,N,N
1563,3Q7,01324.*H,HELIPORT,PR,AWP,SFO,BIG CREEK,FRESNO,CA,BIG CREEK HELISTOP,PR,-119.25,37.2,4960,SAN FRANCISCO,1,W,,,,,,,,N,N
2605,56CO,02586.12*H,HELIPORT,PR,ANM,DEN,DURANGO,LA PLATA,CO,ANIMAS AIR PARK,PR,-107.86,37.2,6660,DENVER,4,S,,,,,,,,N,N
1893,KIC,01713.*A,AIRPORT,PU,AWP,SFO,KING CITY,MONTEREY,CA,MESA DEL REY,PU,-121.12,36.22,370,SAN FRANCISCO,1,NE,,,NGPY,N,N,N,Y,N,N
1969,4CA0,01817.14*H,HELIPORT,PR,AWP,NONE,LOS ANGELES,LOS ANGELES,CA,LAPD HOOPER,PU,-118.24,34.04,302,LOS ANGELES,1,SW,,,,,,,,N,N
6226,67IN,05406.11*A,AIRPORT,PR,AGL,CHI,KNOX,STARKE,IN,SMITTY'S SOARING,PR,-86.59,41.23,720,CHICAGO,4,SW,7/1/1990,,,,,,,N,N
10762,ND78,17253.5*A,AIRPORT,PR,AGL,BIS,AYR,CASS,ND,WILCOX FARM,PR,-97.53,47.03,1210,TWIN CITIES,2,W,,,,,,,,N,N
10879,6ND2,17334.01*A,AIRPORT,PR,AGL,BIS,FULLERTON,DICKEY,ND,LARSON,PR,-98.38,46.25,1442,TWIN CITIES,6,N,,,,,,,,N,N
6411,3IN2,05589.3*A,AIRPORT,PR,AGL,CHI,POINT ISABEL,GRANT,IN,DUPOUY,PR,-85.85,40.41,860,CHICAGO,2,W,,,,,,,,N,N
10512,28A,16814.*A,AIRPORT,PU,ASO,ATL,INDIAN TRAIL,UNION,NC,GOOSE CREEK,PR,-80.58,35.12,565,CHARLOTTE,6,NE,,,,,,N,N,N,N
18843,8WA6,26390.22*A,AIRPORT,PR,ANM,SEA,ROYAL CITY,GRANT,WA,CHRISTENSEN FIELD,PR,-119.59,46.92,1150,SEATTLE,2,NE,,,,,,,,N,N
13268,5OH9,18150.*A,AIRPORT,PR,AGL,DET,MALVERN,CARROLL,OH,FUREY,PR,-81.17,40.69,1050,DETROIT,1,N,10/1/1999,,,,,,,N,N
16097,F44,23363.1*A,AIRPORT,PU,ASW,NONE,ATHENS,HENDERSON,TX,ATHENS MUNI,PU,-95.82,32.16,444,DALLAS-FT WORTH,3,SE,,,NGY,N,N,N,Y,N,N
8348,C20,09568.*A,AIRPORT,PU,AGL,DET,BERRIEN SPRINGS,BERRIEN,MI,ANDREWS UNIVERSITY AIRPARK,PR,-86.36,41.95,668,CHICAGO,2,W,,,,,,,,N,N
14540,6PN8,19851.71*H,HELIPORT,PR,AEA,HAR,BETHLEHEM,NORTHAMPTON,PA,POSH,PR,-75.33,40.64,320,NEW YORK,2,NE,,,,,,,,N,N
16276,95TX,23559.*A,AIRPORT,PR,ASW,NONE,CARRIZO SPRINGS,WEBB,TX,CHUPADERA RANCH,PR,-100.07,28.19,651,SAN ANTONIO,26,SW,,,,,,,,N,N
13970,9OK9,19225.7*A,AIRPORT,PR,ASW,NONE,SHORT,SEQUOYAH,OK,STRANG AIRPARK,PR,-94.48,35.54,690,MEMPHIS,2,SE,4/1/1982,,,,,,,N,N
16990,27F,24141.*A,AIRPORT,PR,ASW,NONE,KAUFMAN,KAUFMAN,TX,FLYING G,PR,-96.32,32.64,470,DALLAS-FT WORTH,4,N,,,,N,N,,,N,N
7050,M34,07155.*A,AIRPORT,PU,ASO,MEM,GILBERTSVILLE,MARSHALL,KY,KENTUCKY DAM STATE PARK,PU,-88.29,37,349,ST LOUIS,1,NW,,,NGY,N,N,N,Y,N,N
14796,PN32,20598.23*H,HELIPORT,PR,AEA,HAR,INDIANA,INDIANA,PA,INDIANA HOSPITAL,PR,-79.13,40.6,1285,DETROIT,3,N,3/1/1994,,,,,,,N,N
13983,9OK5,19246.4*A,AIRPORT,PR,ASW,NONE,STRATFORD,PONTOTOC,OK,DIAMOND C RANCH,PR,-96.92,34.77,1140,DALLAS-FT WORTH,3,SE,11/1/1992,,,,,,,N,N
8390,51G,09683.*A,AIRPORT,PU,AGL,DET,CLIO,GENESEE,MI,CAGNEY,PR,-83.79,43.14,722,DETROIT,3,SW,,,,N,N,N,N,N,N
7648,45LA,07763.33*H,HELIPORT,PR,ASW,NONE,VENICE,PLAQUEMINES,LA,AIR LOGISTICS (VENICE) N,PR,-89.37,29.3,0,NEW ORLEANS,2,N,11/1/1989,,,,,,,N,N
13683,OK91,18865.1*A,AIRPORT,PR,ASW,NONE,CHICKASHA,GRADY,OK,STIDHAM-PRIVATE,PR,-97.93,34.98,1177,DALLAS-FT WORTH,3,SE,,,,,,,,N,N
17968,UT64,25287.02*H,HELIPORT,PR,ANM,DEN,SALT LAKE CITY,SALT LAKE,UT,ST MARK'S,PR,-111.85,40.68,4227,SALT LAKE CITY,2,S,,,,,,,,N,N
9475,OA6,11773.*A,AIRPORT,PU,ACE,NONE,HARRISONVILLE,CASS,MO,LAWRENCE SMITH MEMORIAL,PU,-94.34,38.61,915,KANSAS CITY,3,S,,,NGY,N,N,N,N,N,N
8368,47G,09623.5*A,AIRPORT,PU,AGL,DET,CARSON CITY,MONTCALM,MI,MAYES,PR,-84.88,43.24,790,DETROIT,4,NNW,,,,N,N,N,N,N,N
2666,CO43,02616.4*A,AIRPORT,PR,ANM,DEN,GLADE PARK,MESA,CO,PINYON,PR,-108.71,39,6980,DENVER,2,NE,1/1/1992,,,,,,,N,N
7537,7R6,07671.2*H,HELIPORT,PR,ASW,NONE,NEW ORLEANS,JEFFERSON,LA,AVONDALE,PR,-90.18,29.92,7,NEW ORLEANS,7,NW,,,,,,,,N,N
7276,82LA,07468.*U,ULTRALIGHT,PR,ASW,NONE,CHALMETTE,ST BERNARD,LA,FISHER'S FIELD,PR,-89.93,29.93,5,NEW ORLEANS,2,W,2/1/1984,,,,,,,N,N
19506,WS10,27664.1*A,AIRPORT,PR,AGL,MSP,WAUPACA,WAUPACA,WI,CASEY LAKE,PR,-89.01,44.4,850,GREEN BAY,5,NE,7/1/1983,,,,,,,N,N
11153,2NA9,17490.83*A,AIRPORT,PR,AGL,BIS,WEST FARGO,CASS,ND,FLICKERTAIL FARM,PR,-96.97,46.89,900,TWIN CITIES,3,W,7/1/1984,,,,,,,N,N
4112,9A0,03749.*A,AIRPORT,PU,ASO,ATL,DAHLONEGA,LUMPKIN,GA,LUMPKIN COUNTY-WIMPYS,PU,-84.02,34.57,1311,ATLANTA,3,NW,,,,N,N,N,N,N,N
14414,34S,19598.5*A,AIRPORT,PR,ANM,SEA,SCIO,LINN,OR,THE GREEN TREES RANCH,PR,-122.78,44.68,1139,SEATTLE,3,SE,,,,,,,,N,N
4481,IA20,05814.8*A,AIRPORT,PR,ACE,NONE,ALBURNETT,LINN,IA,PETE'S PATCH,PR,-91.58,42.13,900,CHICAGO,2,SE,,,,,,,,N,N
836,AL74,00514.*A,AIRPORT,PR,ASO,JAN,SEMMES,MOBILE,AL,GRIMES FIELD,PR,-88.3,30.76,215,NEW ORLEANS,3,NE,5/1/1987,,,,,,,N,N
12294,2NY8,14797.*H,HELIPORT,PR,AEA,NYC,ALLIGERVILLE,ULSTER,NY,BENBYRE FARM,PR,-74.18,41.8,260,NEW YORK,1,NW,,,,,,,,N,N
9711,63MO,12074.03*H,HELIPORT,PR,ACE,NONE,ST JOSEPH,BUCHANAN,MO,HEARTLAND HOSPITAL WEST,PR,-94.85,39.76,966,KANSAS CITY,0,N,,,,,,,,N,N
9048,8MN5,10784.*A,AIRPORT,PR,AGL,MSP,LINO LAKES,ANOKA,MN,VIEIRA,PR,-93.13,45.2,900,TWIN CITIES,2,W,,,,,,,,N,N
7607,22LA,07742.*A,AIRPORT,PR,ASW,NONE,SIMMESPORT,AVOYELLES,LA,WD FLYERS,PR,-91.88,30.99,48,HOUSTON,4,W,8/1/1995,,,,,,,N,N
13294,OA06,18173.24*H,HELIPORT,PR,AGL,DET,MASSILLON,STARK,OH,MASSILLON COMMUNITY HOSPITAL,PR,-81.51,40.8,1026,DETROIT,0,N,2/1/1998,,,,,,,N,N
7561,LA91,07693.1*U,ULTRALIGHT,PR,ASW,NONE,PARKS,ST MARTIN,LA,GARY LANDING STRIP,PR,-91.83,30.22,21,HOUSTON,1,N,6/1/1989,,,,,,,N,N
9802,1MU4,12193.02*A,AIRPORT,PR,ACE,NONE,WARRENSBURG,JOHNSON,MO,SHORT AIR,PR,-93.77,38.65,840,KANSAS CITY,6,S,9/1/1996,,,,,,,N,N
13015,OI51,17746.9*H,HELIPORT,PR,AGL,DET,CLEVELAND,CUYAHOGA,OH,4TH DIST POLICE STATION,PU,-81.61,41.47,825,DETROIT,0,N,,,,,,,,N,N
18444,VT36,25385.02*H,HELIPORT,PR,ANE,NONE,BURLINGTON,CHITTENDEN,VT,MCHV,PR,-73.18,44.47,345,MONTREAL,1,E,8/1/1991,,,,,,,N,N
12677,9NY5,15908.1*H,HELIPORT,PR,AEA,NYC,PATCHOGUE,SUFFOLK,NY,NORMAN KURRASS CONTRACTOR,PR,-72.91,40.8,30,NEW YORK,4,E,,,,,,N,N,N,N
10080,3U3,12243.*A,AIRPORT,PU,ANM,HLN,ANACONDA,DEER LODGE,MT,BOWMAN FIELD,PU,-112.86,46.15,5030,GREAT FALLS,3,NE,,,NGY,N,N,N,Y,N,N
268,6AK3,50410.19*A,AIRPORT,PR,AAL,NONE,KENAI,KENAI-COOK INLET,AK,BUTLER AVIATION,PR,-151.27,60.72,185,ANCHORAGE,9,NW,,,,N,N,,,N,N
17956,PUC,25259.*A,AIRPORT,PU,ANM,DEN,PRICE,CARBON,UT,CARBON COUNTY,PU,-110.75,39.61,5953,DENVER,3,E,,,NGSY,N,N,N,Y,N,N
5,AKI,50020.*A,AIRPORT,PU,AAL,NONE,AKIAK,BETHEL,AK,AKIAK,PU,-161.22,60.9,22,MC GRATH,0,SW,,,N1,N,N,N,Y,N,N
14287,0OR0,19513.21*H,HELIPORT,PR,ANM,SEA,MEDFORD,JACKSON,OR,PROVIDENCE HOSPITAL,PR,-122.86,42.33,1350,KLAMATH FALLS,0,E,,,,,,,,N,N
8932,EVM,10677.*A,AIRPORT,PU,AGL,MSP,EVELETH,ST LOUIS,MN,EVELETH-VIRGINIA MUNI,PU,-92.49,47.42,1378,GREEN BAY,3,SE,,,NGY3,N,N,N,Y,N,N
8943,MN46,10690.11*A,AIRPORT,PR,AGL,MSP,FARMINGTON,DAKOTA,MN,LUCHT FIELD,PR,-93.09,44.6,900,TWIN CITIES,2,SE,,,,,,,,N,N
3452,VQQ,03250.3*A,AIRPORT,PU,ASO,ORL,JACKSONVILLE,DUVAL,FL,CECIL FIELD,PU,-81.87,30.21,81,JACKSONVILLE,0,N,,,,,,,Y,Y,N
2058,38Q,01888.3*A,AIRPORT,PR,AWP,SFO,MERIDIAN,SUTTER,CA,MORONIS,PR,-121.85,39.1,35,SAN FRANCISCO,3,SE,,,,,,,,N,N
3179,62FL,03055.64*H,HELIPORT,PR,ASO,ORL,BELLEVIEW,MARION,FL,MARTIN MARIETTA OCALA HELISTOP,PR,-81.98,29.08,80,JACKSONVILLE,4,SW,7/1/1982,,,,,,,N,N
8159,0B2,07870.*A,AIRPORT,PU,ANE,NONE,BREWER,PENOBSCOT,ME,BREWER,PR,-68.76,44.76,124,HALIFAX,2,S,,,,N,N,N,N,N,N
16129,TA82,23406.11*A,AIRPORT,PR,ASW,NONE,BATESVILLE,ZAVALA,TX,R & J LIVESTOCK CO,PR,-99.52,29.02,805,SAN ANTONIO,5,NE,,,,,,,,N,N
18636,EPH,26204.*A,AIRPORT,PU,ANM,SEA,EPHRATA,GRANT,WA,EPHRATA MUNI,PU,-119.51,47.3,1276,SEATTLE,2,SE,,,NGPSY3,N,N,N,Y,N,N
4298,4J5,03959.*A,AIRPORT,PU,ASO,ATL,QUITMAN,BROOKS,GA,QUITMAN BROOKS COUNTY,PU,-83.58,30.8,185,JACKSONVILLE,2,NW,,,N1,N,N,N,N,N,N
15910,8TN6,23118.13*A,AIRPORT,PR,ASO,MEM,MURFREESBORO,RUTHERFORD,TN,BAKER FIELD,PR,-86.34,35.92,560,ATLANTA,7,NE,8/1/1998,,,,,,,N,N
2881,6CO1,02755.81*A,AIRPORT,PR,ANM,DEN,WELLINGTON,WELD,CO,BURNHAM FIELD,PR,-104.91,40.78,5615,CHEYENNE,6,NE,7/1/1990,,,,,,,N,N
1812,3CA7,01630.*A,AIRPORT,PR,AWP,NONE,GREENFIELD,MONTEREY,CA,METZ,PR,-121.18,36.32,240,SAN FRANCISCO,3,E,,,,,,,,N,N
8851,MN17,10575.2*A,AIRPORT,PR,AGL,MSP,BRAINERD,CROW WING,MN,JACKSON FIELD,PR,-94.23,46.27,1250,TWIN CITIES,6,SW,,,,,,,,N,N
12766,NK42,16195.5*H,HELIPORT,PR,AEA,NYC,SMITHTOWN,SUFFOLK,NY,ST JOHN'S EPISCOPAL HOSPITAL,PR,-73.22,40.86,130,NEW YORK,0,N,6/1/1981,,,,,,,N,N
16521,70TX,23795.7*H,HELIPORT,PR,ASW,NONE,EAST BERNARD,WHARTON,TX,TGP 17,PR,-96.14,29.53,130,HOUSTON,5,W,12/1/1991,,,,,,,N,N
401,PEC,50588.1*C,SEAPLANE BASE,PU,AAL,NONE,PELICAN,SKAGWAY-YAKUTAT,AK,PELICAN,PU,-136.23,57.95,0,JUNEAU,0,S,,,N1,N,N,N,Y,N,N
11434,NE34,12927.1*A,AIRPORT,PR,ACE,NONE,SIDNEY,CHEYENNE,NE,FEHRINGER AERODROME,PR,-102.95,41.03,4300,CHEYENNE,6,N,8/1/1989,,,,,,,N,N
1063,7M1,01077.1*A,AIRPORT,PU,ASW,NONE,MC GEHEE,DESHA,AR,MC GEHEE MUNI,PU,-91.36,33.62,141,MEMPHIS,2,E,,,NGY,N,N,N,Y,N,N
18964,2S5,26457.*A,AIRPORT,PU,ANM,SEA,WATERVILLE,DOUGLAS,WA,WATERVILLE,PU,-120.05,47.65,2640,SEATTLE,1,NE,,,,N,N,N,N,N,N
19253,8WI6,27340.4*A,AIRPORT,PR,AGL,MSP,LUXEMBURG,KEWAUNEE,WI,FUNK AERODROME,PR,-87.65,44.6,831,GREEN BAY,5,NE,,,,,,,,N,N
5541,IS60,04860.3*A,AIRPORT,PR,AGL,CHI,MEDORA,MACOUPIN,IL,NIXON RLA,PR,-90.15,39.19,610,ST LOUIS,2,NE,5/1/1999,,,,,,,N,N
4746,ISB,06334.*A,AIRPORT,PU,ACE,NONE,SIBLEY,OSCEOLA,IA,SIBLEY MUNI,PU,-95.75,43.36,1537,OMAHA,2,S,,,NY1,N,N,N,Y,N,N
16556,ELP,23830.*A,AIRPORT,PU,ASW,NONE,EL PASO,EL PASO,TX,EL PASO INTL,PU,-106.37,31.8,3958,EL PASO,4,NE,,CS 05/1973,NGPRY3,Y,N,N,Y,Y,Y
7793,18MA,09080.1*H,HELIPORT,PR,ANE,NONE,METHUEN,ESSEX,MA,HOLY FAMILY HOSPITAL,PR,-71.16,42.72,202,NEW YORK,0,N,1/1/1992,,,,,,,N,N
10119,S71,12295.1*A,AIRPORT,PU,ANM,HLN,CHINOOK,BLAINE,MT,EDGAR G OBIE,PU,-109.24,48.59,2413,GREAT FALLS,1,W,,,NGY,N,N,N,N,N,N
18715,4WA3,26274.51*H,HELIPORT,PR,ANM,SEA,LONGVIEW,COWLITZ,WA,ST JOHN'S MEDICAL CENTER,PR,-122.92,46.13,20,SEATTLE,0,E,,,,,,,,N,N
11456,5NE6,12953.1*A,AIRPORT,PR,ACE,NONE,TRENTON,HITCHCOCK,NE,BAKERS ACRES,PR,-101.1,40.24,2950,CHEYENNE,5,NW,,,,,,,,N,N
4730,1IA6,06279.5*A,AIRPORT,PR,ACE,NONE,RANDOLPH,FREMONT,IA,AERO-LANE,PR,-95.48,40.88,1134,OMAHA,3,E,4/1/1982,,,,,,,N,N
13558,86OH,18655.01*A,AIRPORT,PR,AGL,DET,WESTFIELD CENTER,MEDINA,OH,WESTFIELD,PR,-81.92,41.01,1044,DETROIT,1,SE,,,,,,,,N,N
18440,VT41,25373.011*A,AIRPORT,PR,ANE,NONE,BRATTLEBORO,WINDHAM,VT,MOORE'S FIELD,PR,-72.52,42.92,310,NEW YORK,5,NE,,,,,,,,N,N
990,AR80,01002.01*H,HELIPORT,PR,ASW,NONE,HARRISON,BOONE,AR,NORTH ARKANSAS MEDICAL CENTER,PR,-93.1,36.23,1150,MEMPHIS,0,N,7/1/1990,,,,,,,N,N
14706,PS41,20374.*H,HELIPORT,PR,AEA,HAR,FARRELL,MERCER,PA,SHENANGO VALLEY MEDICAL CENTER,PR,-80.46,41.21,1100,DETROIT,2,NW,10/1/1984,,,,,,,N,N
3525,LCQ,03279.*A,AIRPORT,PU,ASO,ORL,LAKE CITY,COLUMBIA,FL,LAKE CITY MUNI,PU,-82.57,30.18,201,JACKSONVILLE,3,E,,,NGPRY3,N,N,N,Y,Y,N
11318,NE53,12766.6*A,AIRPORT,PR,ACE,NONE,HOLLAND,LANCASTER,NE,LIESVELD,PR,-96.58,40.59,1385,OMAHA,0,SE,,,,,,,,N,N
8461,39Z,09829.7*A,AIRPORT,PU,AGL,DET,FRUITPORT,OTTAWA,MI,FLYING-A-RANCH,PR,-86.12,43.1,630,CHICAGO,2,SE,,,,,,,,N,N
1712,Q33,01510.1*A,AIRPORT,PR,AWP,SFO,DIXON,SOLANO,CA,MAINE PRAIRIE,PR,-121.82,38.38,40,SAN FRANCISCO,3,S,,,,N,N,,,N,N
11598,NJ41,13478.01*H,HELIPORT,PR,AEA,NYC,ANDOVER,SUSSEX,NJ,WESTBY,PR,-74.72,40.98,870,NEW YORK,1,E,11/1/1990,,,,,,,N,N
12303,NK81,14816.1*A,AIRPORT,PR,AEA,NYC,ARCADE,WYOMING,NY,ROBERTS ROOST,PR,-78.35,42.63,1751,DETROIT,5,E,10/1/1984,,,,,,,N,N
2782,7CO4,02695.311*A,AIRPORT,PR,ANM,DEN,NEW RAYMER,WELD,CO,WILLIAMS RANCH,PR,-103.93,40.6,4860,CHEYENNE,5,W,,,,,,,,N,N
12600,44N,15690.1*A,AIRPORT,PU,AEA,NYC,MILLBROOK,DUTCHESS,NY,SKY ACRES,PR,-73.73,41.7,700,NEW YORK,6,SW,,,NGY,N,N,N,N,N,N
10772,5ND3,17255.5*A,AIRPORT,PR,AGL,BIS,BATHGATE,PEMBINA,ND,CRAIG PRIVATE,PR,-97.32,48.85,800,TWIN CITIES,7,SE,,,,,,,,N,N
9602,MU50,11930.01*H,HELIPORT,PR,ACE,NONE,MOBERLY,RANDOLPH,MO,RILEY HOUSE,PR,-92.46,39.41,840,KANSAS CITY,1,SW,5/1/1985,,,,,,,N,N
6000,40II,05149.2*A,AIRPORT,PR,AGL,CHI,BUTLER,DE KALB,IN,KEENER FIELD,PR,-84.81,41.35,825,DETROIT,6,NE,8/1/1987,,,,,,,N,N
18114,VG00,25738.4*A,AIRPORT,PR,AEA,DCA,EASTVILLE,NORTHAMPTON,VA,MEARS FIELD,PR,-75.94,37.36,22,WASHINGTON,1,N,9/1/1997,,,,,,,N,N
17882,UT42,25118.*A,AIRPORT,PR,ANM,DEN,CISCO,GRAND,UT,WESTWATER,PR,-109.14,39.14,4660,DENVER,14,NE,8/1/1994,,,,,,,N,N
13292,35OH,18173.21*H,HELIPORT,PR,AGL,DET,MASSILLON,STARK,OH,GAINEY,PR,-81.52,40.81,940,DETROIT,2,N,,,,,,,,N,N
14875,4PA4,20787.01*H,HELIPORT,PR,AEA,HAR,LOCK HAVEN,CLINTON,PA,LOCK HAVEN HOSPITAL,PR,-77.47,41.13,555,DETROIT,0,SE,,,,,,,,N,N
17987,TVY,25313.01*A,AIRPORT,PU,ANM,DEN,TOOELE,TOOELE,UT,BOLINDER FIELD-TOOELE VALLEY,PU,-112.35,40.61,4316,SALT LAKE CITY,5,NW,,,NGY,N,N,,Y,N,N
16115,3R3,23372.1*A,AIRPORT,PU,ASW,NONE,AUSTIN,TRAVIS,TX,AUSTIN EXECUTIVE AIRPARK,PR,-97.66,30.41,762,SAN ANTONIO,9,N,,,NMY,N,N,N,Y,N,N
4513,IA75,05883.15*H,HELIPORT,PR,ACE,NONE,CEDAR RAPIDS,LINN,IA,MAYS ISLAND HELISTOP,PU,-91.67,41.97,815,CHICAGO,0,N,,,,,,,,N,N
19495,3WI2,27654.2*A,AIRPORT,PR,AGL,MSP,WATERLOO,JEFFERSON,WI,TESMER,PR,-88.98,43.15,925,CHICAGO,2,S,,,,,,,,N,N
11467,AHQ,12964.*A,AIRPORT,PU,ACE,NONE,WAHOO,SAUNDERS,NE,WAHOO MUNI,PU,-96.59,41.24,1224,OMAHA,2,NE,,,NGY,N,N,N,Y,N,N
8326,MI01,09530.92*A,AIRPORT,PR,AGL,DET,AVOCA,ST CLAIR,MI,FASEL FIELD,PR,-82.67,43.05,735,DETROIT,1,E,6/1/1988,,,,,,,N,N
11859,5NJ7,14183.17*H,HELIPORT,PR,AEA,NYC,PHILLIPSBURG,WARREN,NJ,WARREN HOSPITAL,PR,-75.17,40.7,380,NEW YORK,0,N,6/1/1991,,,,,,,N,N
11993,56E,14536.*A,AIRPORT,PR,ASW,NONE,ANTON CHICO,SAN MIGUEL,NM,PARK SPRINGS,PR,-104.91,35.26,5115,ALBUQUERQUE,11,NE,,,,,,N,N,N,N
19771,N20,51511.5*A,AIRPORT,PU,,HNL,ARNO ATOLL,MARSHALL ISLANDS,,INE,PU,171.48,7.01,4,CAPE LISBURNE,0,NW,6/1/1983,,,,,,,N,N
18635,WN76,26202.*A,AIRPORT,PR,ANM,SEA,ENUMCLAW,KING,WA,BERGSETH FIELD,PR,-121.92,47.24,1100,SEATTLE,4,NE,5/1/1987,,,,,,,N,N
2107,ONT,01986.*A,AIRPORT,PU,AWP,NONE,ONTARIO,SAN BERNARDINO,CA,ONTARIO INTL,PU,-117.6,34.05,944,LOS ANGELES,2,E,,DS 05/1973,NGPY,N,N,Y,Y,Y,Y
1585,Q18,01346.1*H,HELIPORT,PR,AWP,SFO,BRIDGEPORT,MONO,CA,MONO GENERAL HOSPITAL,PU,-119.23,38.25,6450,SAN FRANCISCO,1,S,,,,N,N,,,N,N
3322,3X7,03191.8*A,AIRPORT,PR,ASO,ORL,FORT DRUM,OKEECHOBEE,FL,INDIAN HAMMOCK,PR,-80.83,27.54,65,MIAMI,2,NW,,,,,,,,N,N
3207,5FD7,03083.03*A,AIRPORT,PR,ASO,ORL,BROOKSVILLE,HERNANDO,FL,CHINSEGUT,PR,-82.36,28.61,80,JACKSONVILLE,8,S,3/1/1988,,,,,,,N,N
55,KBE,50059.9*C,SEAPLANE BASE,PR,AAL,NONE,BELL ISLAND,KETCHIKAN,AK,BELL ISLAND HOT SPRINGS,PR,-131.57,55.92,0,KETCHIKAN,0,SW,,,,N,N,N,N,N,N
13882,H66,19129.*A,AIRPORT,PU,ASW,NONE,NOWATA,NOWATA,OK,NOWATA MUNI,PU,-95.62,36.72,679,KANSAS CITY,2,NE,,,NGY,N,N,N,Y,N,N
17052,5TX1,24185.5*A,AIRPORT,PR,ASW,NONE,LAMKIN,COMANCHE,TX,HARLEY WHITE FIELD,PR,-98.25,31.86,1120,SAN ANTONIO,3,N,,,,,,,,N,N
13421,PCW,18411.*A,AIRPORT,PU,AGL,DET,PORT CLINTON,OTTAWA,OH,CARL R KELLER FIELD,PU,-82.86,41.51,590,DETROIT,3,E,,,NGY,N,N,N,Y,N,N
7228,LA05,07424.27*H,HELIPORT,PR,ASW,NONE,BATON ROUGE,EAST BATON ROUGE,LA,BATON ROUGE,PR,-91.04,30.36,22,HOUSTON,4,NW,11/1/2000,,,,,,,N,N
1751,SUU,01565.1*A,AIRPORT,PR,AWP,SFO,FAIRFIELD,SOLANO,CA,TRAVIS AFB,MA,-121.92,38.26,62,SAN FRANCISCO,3,E,,LU 08/1990,N,Y,N,Y,Y,Y,N
399,PXK,50587.*A,AIRPORT,PU,AAL,NONE,PAXSON,VALDEZ-CHITNA-WHITIE,AK,PAXSON,PR,-145.5,63.02,2653,ANCHORAGE,0,S,,,,N,N,N,N,N,N
15754,CHA,22899.*A,AIRPORT,PU,ASO,MEM,CHATTANOOGA,HAMILTON,TN,LOVELL FIELD,PU,-85.2,35.03,682,ATLANTA,5,E,,CS 05/1973,NGVY,N,Y,N,Y,Y,Y
14320,OR16,19544.31*A,AIRPORT,PR,ANM,SEA,NORTH POWDER,UNION,OR,UMPLEBY RANCH,PR,-117.96,45.05,3412,SEATTLE,3,NW,,,,,,N,N,N,N
13589,OI08,18722.23*A,AIRPORT,PR,AGL,DET,WOOSTER,WAYNE,OH,DAVIES AIR FLD,PR,-81.87,40.73,1200,DETROIT,5,SE,,,,,,,,N,N
3610,FD23,03324.32*H,HELIPORT,PR,ASO,ORL,MIAMI,DADE,FL,FISHER ISLAND,PR,-80.13,25.76,5,MIAMI,0,SW,10/1/1984,,,,,,,N,N
1270,HII,00717.76*A,AIRPORT,PU,AWP,NONE,LAKE HAVASU CITY,MOHAVE,AZ,LAKE HAVASU CITY,PU,-114.35,34.56,781,PHOENIX,6,N,,,NGY,,,,,N,N
18960,34WA,26455.8*H,HELIPORT,PR,ANM,SEA,WASHOUGAL,CLARK,WA,ORBIT,PR,-122.31,45.56,22,SEATTLE,0,N,,,,,,,,N,N
13901,9OK0,19134.8*H,HELIPORT,PR,ASW,NONE,OKLAHOMA CITY,OKLAHOMA,OK,GOVERNOR'S MANSION,PU,-97.52,35.49,1200,DALLAS-FT WORTH,0,N,3/1/1982,,,,,,,N,N
17413,3.00E+03,24566.12*A,AIRPORT,PR,ASW,NONE,PRESIDIO,PRESIDIO,TX,BIG BEND RANCH STATE NATURAL AREA,PU,-103.93,29.46,4250,EL PASO,23,E,,,,,,,,N,N
5680,IL04,04937.22*H,HELIPORT,PR,AGL,CHI,PEORIA,PEORIA,IL,METHODIST MEDICAL CENTER OF ILLINOIS,PR,-89.59,40.7,631,CHICAGO,0,N,,,,,,,,N,N
17404,TS85,24558.*A,AIRPORT,PR,ASW,NONE,POTTSBORO,GRAYSON,TX,DIAMOND J,PR,-96.7,33.81,802,DALLAS-FT WORTH,2,NW,3/1/1994,,,,,,,N,N
17833,3TS1,25045.01*A,AIRPORT,PR,ASW,NONE,WIMBERLEY,HAYS,TX,WHITE WINGS,PR,-98.04,30.01,1083,SAN ANTONIO,4,W,6/1/1997,,,,,,,N,N
7986,MD27,08523.*H,HELIPORT,PR,AEA,DCA,EAGLE HARBOR,PRINCE GEORGES,MD,CHALK POINT GENERATING STA,PR,-76.69,38.55,80,WASHINGTON,1,SW,,,,,,,,N,N
11307,9NE9,12761.02*A,AIRPORT,PR,ACE,NONE,HEBRON,THAYER,NE,DOG LEG,PR,-97.56,40.19,1500,OMAHA,1,NE,8/1/1991,,,,,,,N,N
16684,90TA,23925.14*H,HELIPORT,PR,ASW,NONE,GARLAND,DALLAS,TX,FAULKNER POINT,PR,-96.54,32.86,460,DALLAS-FT WORTH,5,SE,12/1/1982,,,,,,,N,N
7842,4MA0,09258.*H,HELIPORT,PR,ANE,NONE,SHERBORN,MIDDLESEX,MA,BURKE,PR,-71.35,42.23,240,NEW YORK,1,S,2/1/1987,,,,,,,N,N
18769,WN74,26331.1*A,AIRPORT,PR,ANM,SEA,ONALASKA,LEWIS,WA,BURNT RIDGE AIRSTRIP,PR,-122.62,46.58,1070,SEATTLE,4,E,4/1/1987,,,,,,,N,N
6877,PTT,06854.*A,AIRPORT,PU,ACE,NONE,PRATT,PRATT,KS,PRATT INDUSTRIAL,PU,-98.74,37.7,1952,WICHITA,4,N,,,NGPY,N,N,N,Y,N,N
7757,MA45,08956.31*H,HELIPORT,PR,ANE,NONE,HANOVER,PLYMOUTH,MA,SIMMONS,PR,-70.84,42.12,90,NEW YORK,1,N,,,,,,,,N,N
13250,24OH,18115.1*A,AIRPORT,PR,AGL,DET,LOUISVILLE,STARK,OH,MILBURN,PR,-81.29,40.88,1197,DETROIT,3,NW,,,,,,N,N,N,N
16751,1TX0,23985.04*A,AIRPORT,PR,ASW,NONE,GREENVILLE,HUNT,TX,MEADOWVIEW,PR,-96.13,33.06,540,DALLAS-FT WORTH,3,SW,,,,,,,,N,N
11386,61NE,12853.32*H,HELIPORT,PR,ACE,NONE,OMAHA,DOUGLAS,NE,UNIV. OF NE MEDICAL CENTER,PR,-95.97,41.25,1160,OMAHA,0,N,6/1/1983,,,,,,,N,N
4321,GA39,03992.13*A,AIRPORT,PR,ASO,ATL,SAVANNAH,CHATHAM,GA,HODGES AIRPARK,PR,-81.24,31.98,10,JACKSONVILLE,6,SW,,,,,,,,N,N
6474,SBN,05661.*A,AIRPORT,PU,AGL,CHI,SOUTH BEND,ST JOSEPH,IN,SOUTH BEND REGIONAL,PU,-86.31,41.7,799,CHICAGO,3,NW,,BS 05/1973,,,,,,Y,Y
11476,01NE,12979.*A,AIRPORT,PR,ACE,NONE,WELLFLEET,LINCOLN,NE,DETOUR,PR,-100.65,40.84,3000,OMAHA,6,NE,,,,,,,,N,N
14073,OR71,19356.02*H,HELIPORT,PR,ANM,SEA,AURORA,MARION,OR,COLUMBIA AVIATION,PU,-122.76,45.25,195,SEATTLE,1,NW,,,,,,,,N,N
14382,OR02,19580.2*A,AIRPORT,PR,ANM,SEA,REDMOND,CROOK,OR,RIVER RUN RANCH,PR,-121.02,44.33,2600,SEATTLE,8,NE,7/1/1988,,,,,,,N,N
1676,45CA,01447.31*H,HELIPORT,PR,AWP,NONE,CORONA,RIVERSIDE,CA,CHAPIN MEDICAL PAD,PR,-117.59,33.89,578,LOS ANGELES,0,N,8/1/1991,,,,,,,N,N
1021,3M0,01042.*A,AIRPORT,PU,ASW,NONE,LAKEVIEW,BAXTER,AR,GASTONS,PR,-92.55,36.34,479,KANSAS CITY,1,S,,,,N,N,N,Y,N,N
17835,4XS8,25045.1*A,AIRPORT,PR,ASW,NONE,WIMBERLEY,HAYS,TX,WINN RANCH,PR,-98.11,29.96,960,SAN ANTONIO,2,SW,,,,,,N,N,N,N
11852,7N7,14162.*A,AIRPORT,PU,AEA,NYC,PEDRICKTOWN,SALEM,NJ,OLD MANS,PR,-75.39,39.73,40,WASHINGTON,2,S,11/1/1983,,,,,,,N,N
8185,ME4,07962.6*C,SEAPLANE BASE,PU,ANE,NONE,EAST MADISON,SOMERSET,ME,WESSERUNSETT SPB & ICE,PR,-69.76,44.84,335,MONTREAL,3,S,,,,,,,,N,N
6520,24II,05713.15*H,HELIPORT,PR,AGL,CHI,VINCENNES,KNOX,IN,GOOD SAMARITAN HOSPITAL,PR,-87.54,38.67,420,ST LOUIS,0,SW,9/1/1991,,,,,,,N,N
10140,39S,12323.75*A,AIRPORT,PR,ANM,HLN,DEVON,TOOLE,MT,HELLINGER,PR,-111.49,48.53,3215,GREAT FALLS,4,N,,,,,,,,N,N
2390,2CA1,02356.14*H,HELIPORT,PR,AWP,NONE,TORRANCE,LOS ANGELES,CA,COSMODYNE,PR,-118.33,33.84,128,LOS ANGELES,1,NW,,,,,,,,N,N
11040,6NA7,17430.94*A,AIRPORT,PR,AGL,BIS,NEWBURG,BOTTINEAU,ND,KERSTEN BROTHERS,PR,-100.92,48.73,1473,TWIN CITIES,1,N,12/1/1985,,,,,,,N,N
18562,BVS,26125.1*A,AIRPORT,PU,ANM,SEA,BURLINGTON/MOUNT VERNON,SKAGIT,WA,SKAGIT REGIONAL,PU,-122.42,48.47,144,SEATTLE,3,W,,,NGPY,N,N,N,Y,N,N
12246,L93,13106.81*A,AIRPORT,PR,AWP,SFO,PAHRUMP,NYE,NV,VALLEY VIEW,PR,-115.99,36.25,2740,LAS VEGAS,5,N,7/1/1989,,,,,,,N,N
8592,1MI1,10073.5*A,AIRPORT,PR,AGL,DET,MASS,ONTONAGON,MI,NIKKILA FARMS,PR,-88.99,46.7,1100,GREEN BAY,5,SE,,,,,,N,N,N,N
9061,MN66,10798.6*A,AIRPORT,PR,AGL,MSP,LORETTO,HENNEPIN,MN,INGLESIDE,PR,-93.66,45.08,1021,TWIN CITIES,1,NW,,,,,,,,N,N
13906,02OK,19135.06*H,HELIPORT,PR,ASW,NONE,OKLAHOMA CITY,OKLAHOMA,OK,CANON,PR,-97.52,35.45,1191,DALLAS-FT WORTH,2,NE,7/1/1902,,,,,,,N,N
3962,96FL,03559.1*A,AIRPORT,PR,ASO,ORL,WILLISTON,LEVY,FL,WINGS FIELD,PR,-82.54,29.24,100,JACKSONVILLE,10,SW,,,,,,,,N,N
5511,C45,04846.*A,AIRPORT,PU,AGL,CHI,MANITO,TAZEWELL,IL,MANITO MITCHELL,PR,-89.77,40.48,501,CHICAGO,3,N,,,,N,N,N,N,N,N
15473,4SC4,22386.5*U,ULTRALIGHT,PR,ASO,ATL,LIBERTY,PICKENS,SC,DAVIS FIELD,PR,-82.69,34.76,940,ATLANTA,2,S,12/1/1999,,,,,,,N,N
11654,NMK,13589.*H,HELIPORT,PR,AEA,NYC,CAPE MAY,CAPE MAY,NJ,CAPE MAY CGAS,MN,-74.88,38.94,13,NEW YORK,2,E,,,,,,,,N,N
13991,4OK1,19254.01*A,AIRPORT,PR,ASW,NONE,TALIHINA,LATIMER,OK,HATTON RANCH,PR,-95.17,34.71,830,DALLAS-FT WORTH,5,SW,,,,,,,,N,N
11938,JY18,14384.01*H,HELIPORT,PR,AEA,NYC,VINCENTOWN,BURLINGTON,NJ,WARREN HOPELY,PR,-74.76,39.92,22,WASHINGTON,2,SW,,,,,,,,N,N
2456,O50,02460.*A,AIRPORT,PR,AWP,SFO,WILLOWS,GLENN,CA,NOLTAS,PR,-122.2,39.57,145,SAN FRANCISCO,3,N,,,,,,N,N,N,N
11759,05NJ,13861.112*H,HELIPORT,PR,AEA,NYC,JERSEY CITY,HUDSON,NJ,COLGATE-JERSEY CITY,PR,-74.03,40.71,7,NEW YORK,1,E,,,,,,,,N,N
4696,TNU,06221.1*A,AIRPORT,PU,ACE,NONE,NEWTON,JASPER,IA,NEWTON MUNI,PU,-93.02,41.67,953,OMAHA,2,SE,,,NGY,N,N,N,Y,N,N
4856,ID02,04176.14*H,HELIPORT,PR,ANM,SEA,COEUR D'ALENE,KOOTENAI,ID,COEUR D'ALENE RESORT,PR,-116.78,47.67,2174,GREAT FALLS,0,N,7/1/1988,,,,,,,N,N
4851,ID33,04172.5*A,AIRPORT,PR,ANM,SEA,CLARKIA,SHOSHONE,ID,STOCKING MEADOWS,PU,-115.86,46.93,3850,GREAT FALLS,17,E,,,,,,,,N,N
14671,PS40,20300.*H,HELIPORT,PR,AEA,HAR,ECKLEY,LUZERNE,PA,TRI-COUNTY,PR,-75.83,40.98,1700,NEW YORK,2,SE,5/1/1989,,,,,,,N,N
11384,NE71,12853.3*H,HELIPORT,PR,ACE,NONE,OMAHA,DOUGLAS,NE,IMMANUEL MEDICAL CENTER,PR,-96.02,41.32,1246,OMAHA,0,N,,,,,,,,N,N
4518,IA05,05889.01*A,AIRPORT,PR,ACE,NONE,CENTERVILLE,APPANOOSE,IA,RATHBUN LAKE,PR,-92.85,40.85,1200,CHICAGO,6,N,,,,,,,,N,N
3311,X55,03180.01*A,AIRPORT,PU,ASO,ORL,EUSTIS,LAKE,FL,MID FLORIDA AIR SERVICE,PR,-81.63,28.84,167,JACKSONVILLE,3,E,,,,N,N,N,N,N,N
3242,CLW,03112.*A,AIRPORT,PU,ASO,ORL,CLEARWATER,PINELLAS,FL,CLEARWATER AIR PARK,PU,-82.75,27.97,71,MIAMI,3,NE,,,N,N,N,N,N,N,N
17120,TA79,24243.5*H,HELIPORT,PR,ASW,NONE,LUBBOCK,LUBBOCK,TX,UNIVERSITY MEDICAL CENTER,PU,-101.88,33.63,3231,DALLAS-FT WORTH,3,N,6/1/1989,,,,,,,N,N
12475,NY1,15301.*A,AIRPORT,PU,AEA,NYC,GHENT,COLUMBIA,NY,KLINE KILL,PR,-73.63,42.35,380,NEW YORK,2,N,,,,,,N,N,N,N
7348,0LA2,07527.75*A,AIRPORT,PR,ASW,NONE,GONZALES,ASCENSION,LA,DON BABIN-PRIVATE,PR,-90.96,30.27,17,NEW ORLEANS,3,NW,,,,,,,,N,N
12668,NK90,15873.81*H,HELIPORT,PR,AEA,NYC,OSSINING,WESTCHESTER,NY,TLI,PR,-73.86,41.14,9,NEW YORK,9,NE,7/1/1985,,,,,,,N,N
10569,4W7,16909.8*A,AIRPORT,PU,ASO,ATL,MEBANE,ALAMANCE,NC,HURDLE FIELD,PR,-79.28,36.06,680,CINCINNATI,2,SW,,,,,,,,N,N
7630,0LS0,07755.04*A,AIRPORT,PR,ASW,NONE,THIBODAUX,LAFOURCHE,LA,THERIOT FIELD,PR,-90.73,29.74,13,NEW ORLEANS,6,SE,7/1/1998,,,,,,,N,N
8130,DMW,08677.*A,AIRPORT,PU,AEA,DCA,WESTMINSTER,CARROLL,MD,CARROLL COUNTY REGIONAL/JACK B POAGE FIELD,PU,-77,39.6,789,WASHINGTON,3,N,,,NGY,N,N,N,Y,N,N
1387,94V,00778.51*A,AIRPORT,PR,AWP,NONE,ROCK POINT,APACHE,AZ,ROCK POINT,PU,-109.61,36.73,4999,DENVER,1,N,,,,N,N,,,N,N
14800,8PS2,20613.4*A,AIRPORT,PR,AEA,HAR,JACKSON CENTER,MERCER,PA,STILL MEADOW FARM,PR,-80.16,41.31,1370,DETROIT,3,NW,3/1/1988,,,,,,,N,N
13870,MKO,19111.*A,AIRPORT,PU,ASW,NONE,MUSKOGEE,MUSKOGEE,OK,DAVIS FIELD,PU,-95.36,35.65,610,DALLAS-FT WORTH,6,S,,,NGPRY3,N,N,N,Y,N,N
14650,9PS3,20231.11*H,HELIPORT,PR,AEA,HAR,DOYLESTOWN,BUCKS,PA,DOYLESTOWN,PR,-75.14,40.3,325,NEW YORK,2,W,3/1/1994,,,,,,,N,N
11589,NH80,13454.4*H,HELIPORT,PR,ANE,NONE,WILTON,HILLSBOROUGH,NH,SHANKLIN,PR,-71.74,42.82,820,NEW YORK,1,SW,2/1/1993,,,,,,,N,N
17046,17XS,24179.995*A,AIRPORT,PR,ASW,NONE,LAJITAS,BREWSTER,TX,LAJITAS,PR,-103.76,29.26,2364,EL PASO,1,NE,,,,,,,,N,N
17366,6TS9,24522.01*H,HELIPORT,PR,ASW,NONE,PLANO,COLLIN,TX,MCP,PR,-96.76,33.02,700,DALLAS-FT WORTH,3,N,8/1/1985,,,,,,,N,N
11088,RUG,17457.*A,AIRPORT,PU,AGL,BIS,RUGBY,PIERCE,ND,RUGBY MUNI,PU,-100.02,48.39,1548,TWIN CITIES,2,NW,,,NGY,,,N,N,N,N
13755,6K4,18964.1*A,AIRPORT,PU,ASW,NONE,FAIRVIEW,MAJOR,OK,FAIRVIEW MUNI,PU,-98.47,36.29,1272,WICHITA,1,N,,,NGY,N,N,N,Y,N,N
11117,8NA0,17467.52*A,AIRPORT,PR,AGL,BIS,TAPPEN,KIDDER,ND,TAPPEN AIRSTRIP,PR,-99.63,46.88,1780,TWIN CITIES,0,N,4/1/1986,,,,,,,N,N
7747,MA13,08932.01*H,HELIPORT,PR,ANE,NONE,GLOUCESTER,ESSEX,MA,NUGENT,PR,-70.63,42.62,100,NEW YORK,1,NE,8/1/1988,,,,,,,N,N
18753,WN48,26323.17*A,AIRPORT,PR,ANM,SEA,OAKVILLE,LEWIS,WA,KIMBREL FARM,PR,-123.31,46.79,139,SEATTLE,3,SW,7/1/1984,,,,,,,N,N
17757,TA57,24976.15*A,AIRPORT,PR,ASW,NONE,WACO,MC LENNAN,TX,RAINBOW INTL,PR,-96.99,31.62,450,HOUSTON,10,NE,8/1/1993,,,,,,,N,N
16810,6TA5,24060.02*H,HELIPORT,PR,ASW,NONE,HITCHCOCK,GALVESTON,TX,HHI HITCHCOCK,PR,-95.02,29.33,10,HOUSTON,1,S,,,,,,,,N,N
13195,I43,18045.*A,AIRPORT,PU,AGL,DET,JACKSON,JACKSON,OH,JAMES A RHODES,PU,-82.57,38.98,726,CINCINNATI,5,SE,,,N,N,N,N,N,N,N
7426,56LA,07586.01*A,AIRPORT,PR,ASW,NONE,KEITHVILLE,CADDO,LA,OLD HICKORY RANCH,PR,-93.81,32.34,180,MEMPHIS,1,NE,8/1/1982,,,,,,,N,N
17048,5TX0,24180.31*A,AIRPORT,PR,ASW,NONE,LAKE DALLAS,DENTON,TX,HIDDEN VALLEY AIRPARK,PR,-97.05,33.17,611,DALLAS-FT WORTH,3,NW,,,,,,,,N,N
1504,1CA6,01232.*A,AIRPORT,PR,AWP,NONE,ALPINE,SAN DIEGO,CA,ON THE ROCKS,PR,-116.72,32.76,2650,LOS ANGELES,5,SE,4/1/1990,,,,,,,N,N
17426,F23,24593.*A,AIRPORT,PU,ASW,NONE,RANGER,EASTLAND,TX,RANGER MUNI,PU,-98.68,32.45,1470,DALLAS-FT WORTH,2,S,,,,N,N,N,N,N,N
6658,1KS2,06561.3*A,AIRPORT,PR,ACE,NONE,EASTON,LEAVENWORTH,KS,RISKY,PR,-95.07,39.31,1133,KANSAS CITY,3,SE,4/1/2000,,,,,,,N,N
13502,16G,18565.*A,AIRPORT,PU,AGL,DET,TIFFIN,SENECA,OH,SENECA COUNTY,PU,-83.21,41.09,786,DETROIT,2,SW,,,N,N,N,N,N,N,N
2279,CA32,02195.*A,AIRPORT,PR,AWP,SFO,SAN JOAQUIN,FRESNO,CA,SAN JOAQUIN,PR,-120.25,36.58,165,SAN FRANCISCO,2,W,,,,,,,,N,N
15770,TN54,22921.*H,HELIPORT,PR,ASO,MEM,CONCORD,KNOX,TN,TAN RARA,PR,-84.11,35.88,900,ATLANTA,2,E,,,,,,,,N,N
6316,72IN,05493.7*A,AIRPORT,PR,AGL,CHI,MONON,WHITE,IN,GUTWEIN,PR,-86.87,40.91,680,CHICAGO,2,N,,,,,,,,N,N
17803,45TX,25006.1*A,AIRPORT,PR,ASW,NONE,WEST,MC LENNAN,TX,WEST AIRPARK,PR,-97.09,31.75,563,SAN ANTONIO,2,N,6/1/1989,,,,,,,N,N
1136,4F8,01182.*A,AIRPORT,PU,ASW,NONE,STEPHENS,OUACHITA,AR,WILSON,PR,-93.05,33.44,230,MEMPHIS,2,NE,,,1,N,N,N,Y,N,N
227,13AK,50325.*A,AIRPORT,PR,AAL,NONE,HOUSTON,MATA-SUS BOROUGH,AK,SATTERBURGS,PR,-149.88,61.64,350,ANCHORAGE,0,N,,,,,,,,N,N
15682,SD40,22771.4*H,HELIPORT,PR,AGL,BIS,RAPID CITY,PENNINGTON,SD,RAPID CITY REGIONAL HOSPITAL,PR,-103.22,44.05,3354,BILLINGS,0,N,3/1/1993,,,,,,,N,N
5111,IS86,04456.7*A,AIRPORT,PR,AGL,CHI,BUCKINGHAM,KANKAKEE,IL,HENDRIX,PR,-88.19,41.04,656,CHICAGO,0,W,2/1/1982,,,,,,,N,N
8214,ME35,08073.*A,AIRPORT,PR,ANE,NONE,LEVANT,PENOBSCOT,ME,TERRA B & B,PR,-69,44.93,382,MONTREAL,4,SE,,,,,,,,N,N
16598,T93,23873.15*A,AIRPORT,PU,ASW,NONE,FOLLETT,LIPSCOMB,TX,FOLLETT/LIPSCOMB COUNTY,PU,-100.12,36.44,2601,WICHITA,1,E,,,,,,,,N,N
17883,UT48,25119.*A,AIRPORT,PR,ANM,DEN,CLINTON,DAVIS,UT,LBL FARMS,PR,-112.09,41.15,4260,SALT LAKE CITY,2,NW,6/1/1984,,,,,,,N,N
13934,27OK,19166.01*A,AIRPORT,PR,ASW,NONE,PONCA CITY,KAY,OK,THOMAS LANDING,PR,-96.96,36.74,1110,KANSAS CITY,5,E,1/1/1998,,,,,,,N,N
15757,04TN,22901.*A,AIRPORT,PR,ASO,MEM,CHUCKEY,GREENE,TN,HENSLEY AIRPARK,PR,-82.67,36.18,1430,CINCINNATI,2,S,12/1/1999,,,,,,,N,N
9174,MY34,10922.62*C,SEAPLANE BASE,PR,AGL,MSP,PRIOR LAKE,SCOTT,MN,JORGENSEN'S LANDING,PR,-93.39,44.73,898,TWIN CITIES,2,NE,7/1/1981,,,,,,,N,N
14265,S30,19500.*A,AIRPORT,PU,ANM,SEA,LEBANON,LINN,OR,LEBANON STATE,PU,-122.92,44.52,344,SEATTLE,1,SW,,,NGY,N,N,N,Y,N,N
18683,WN84,26243.49*H,HELIPORT,PR,ANM,SEA,KAHLOTUS,FRANKLIN,WA,LOWER MONUMENTAL DAM,PU,-118.53,46.56,465,SEATTLE,0,N,9/1/1987,,,,,,,N,N
18321,4VA9,25982.5*A,AIRPORT,PR,AEA,DCA,RIXEYVILLE,CULPEPER,VA,PLEASANTDALE FIELD,PR,-77.92,38.56,420,NEW YORK,3,E,,,,,,,,N,N
435,AQH,50623.4*A,AIRPORT,PU,AAL,NONE,QUINHAGAK,BETHEL,AK,QUINHAGAK,PU,-161.87,59.75,10,KODIAK,1,NE,,,N,N,N,N,Y,N,N
1607,66CA,01369.41*A,AIRPORT,PR,AWP,SFO,CAMBRIA,SAN LUIS OBISPO,CA,RANCHO SAN SIMEON,PR,-121.11,35.6,320,LOS ANGELES,3,NW,9/1/1982,,,,,N,N,N,N
1415,P49,00796.*A,AIRPORT,PR,AWP,NONE,SOMERTON,YUMA,AZ,SOMERTON,PR,-114.66,32.6,177,PHOENIX,3,E,,,,,,N,N,N,N
18867,2WA1,26402.04*A,AIRPORT,PR,ANM,SEA,SEQUIM,CLALLAM,WA,DIAMOND POINT AIRSTRIP,PR,-122.92,48.09,262,SEATTLE,8,NE,,,,,,,,N,N
13951,89OK,19199.*A,AIRPORT,PR,ASW,NONE,SALLISAW,SEQUOYAH,OK,NEVERSWEAT TOO,PR,-94.89,35.44,565,MEMPHIS,5,E,6/1/1987,,,,,,,N,N
14457,02OR,19614.03*A,AIRPORT,PR,ANM,SEA,THE DALLES,WASCO,OR,ROWENA DELL,PR,-121.31,45.68,705,SEATTLE,10,W,,,,,,,,N,N
12131,95E,14739.1*A,AIRPORT,PR,ASW,NONE,SOCORRO,SOCORRO,NM,STALLION AAF,MR,-106.64,33.81,4925,ALBUQUERQUE,18,SE,,,,,,,Y,N,N
18828,WA89,26386.02*H,HELIPORT,PR,ANM,SEA,RICHLAND,BENTON,WA,KADLEC MEDICAL CENTER,PR,-119.28,46.26,300,SEATTLE,0,N,,,,,,,,N,N
12309,0NK8,14831.*A,AIRPORT,PR,AEA,NYC,ATTLEBURY,DUTCHESS,NY,ROCKY REEF FARM,PR,-73.67,41.92,450,NEW YORK,1,N,4/1/1999,,,,,,,N,N
16571,00TS,23843.7*A,AIRPORT,PR,ASW,NONE,EVERMAN,TARRANT,TX,ALPINE RANGE,PR,-97.24,32.6,670,DALLAS-FT WORTH,3,S,4/1/1986,,,,,,,N,N
2730,CO74,02649.01*H,HELIPORT,PR,ANM,DEN,KREMMLING,GRAND,CO,MC ELROY,PR,-106.45,40,9209,DENVER,5,NE,,,,,,,,N,N
10192,6U4,12401.1*A,AIRPORT,PR,ANM,HLN,HELENA,LEWIS AND CLARK,MT,OX BOW RANCH,PR,-112,46.97,3635,GREAT FALLS,3,SE,,,,,,,,N,N
2186,RBL,02085.*A,AIRPORT,PU,AWP,SFO,RED BLUFF,TEHAMA,CA,RED BLUFF MUNI,PU,-122.25,40.15,349,KLAMATH FALLS,2,S,,,NGRY,N,N,N,Y,N,N
13363,1OI7,18339.2*A,AIRPORT,PR,AGL,DET,NORWALK,HURON,OH,KNIGHT,PR,-82.56,41.15,925,DETROIT,6,SE,,,,,,,,N,N
8946,MY97,10690.13*A,AIRPORT,PR,AGL,MSP,FARMINGTON,DAKOTA,MN,NIELSEN'S,PR,-93.12,44.59,990,TWIN CITIES,3,S,12/1/1992,,,,,,,N,N
19131,WS38,27170.01*H,HELIPORT,PR,AGL,MSP,EAU CLAIRE,EAU CLAIRE,WI,LUTHER HOSPITAL,PR,-91.51,44.81,796,GREEN BAY,0,N,5/1/1987,,,,,,,N,N
2483,6V7,02517.22*H,HELIPORT,PR,ANM,DEN,ASPEN,PITKIN,CO,ASPEN VALLEY HOSPITAL,PR,-106.84,39.19,8140,DENVER,1,W,,,,,,,,N,N
8790,Z98,10475.2*A,AIRPORT,PU,AGL,DET,ZEELAND,OTTAWA,MI,OTTAWA EXECUTIVE,PR,-85.92,42.81,740,CHICAGO,3,E,10/1/1994,,,,,,,N,N
15765,TN70,22919.41*A,AIRPORT,PR,ASO,MEM,COLLIERVILLE,SHELBY,TN,BURKEEN FIELD,PR,-89.7,35.02,365,MEMPHIS,2,SW,,,,,,,,N,N
11650,NJ17,13581.12*H,HELIPORT,PR,AEA,NYC,CAMDEN,CAMDEN,NJ,COOPER MEDICAL CENTER,PR,-75.09,39.93,100,WASHINGTON,1,S,,,,,,,,N,N
14732,PA86,20427.4*A,AIRPORT,PR,AEA,HAR,FRYSTOWN,BERKS,PA,KRILL PERSONAL USE,PR,-76.34,40.44,520,NEW YORK,0,SW,,,,,,,,N,N
15264,9PN5,21781.2*H,HELIPORT,PR,AEA,HAR,WILKES BARRE,LUZERNE,PA,FRANKLIN,PR,-75.88,41.21,710,NEW YORK,2,S,,,,,,,,N,N
9356,H21,11586.6*A,AIRPORT,PU,ACE,NONE,CAMDENTON,CAMDEN,MO,CAMDENTON MEMORIAL,PU,-92.69,37.97,1062,KANSAS CITY,3,SE,,,NGY,N,N,N,Y,N,N
15915,TN92,23121.02*H,HELIPORT,PR,ASO,MEM,NASHVILLE,DAVIDSON,TN,METROCENTER,PR,-86.8,36.19,408,ST LOUIS,4,N,3/1/1991,,,,,,,N,N
6958,44KS,06973.2*A,AIRPORT,PR,ACE,NONE,WICHITA,SEDGWICK,KS,VANKIRK,PR,-97.16,37.61,1350,WICHITA,4,SE,10/1/1984,,,,,,,N,N
15617,5T4,22693.8*A,AIRPORT,PU,AGL,BIS,HERREID,CAMPBELL,SD,HERREID MUNI,PU,-100.07,45.85,1725,TWIN CITIES,1,N,,,1,N,N,N,N,N,N
15211,75N,21628.*A,AIRPORT,PR,AEA,HAR,TROY,BRADFORD,PA,MC CLURE,PR,-76.85,41.82,1470,NEW YORK,4,NW,,,,,,,,N,N
16889,01TA,24068.24*H,HELIPORT,PR,ASW,NONE,HOUSTON,HARRIS,TX,RED ADAIR,PR,-95.5,29.84,90,HOUSTON,0,N,,,,,,,,N,N
4149,2GE2,03788.135*H,HELIPORT,PR,ASO,ATL,FAYETTEVILLE,FAYETTE,GA,GEORGIA BAPTIST URGENT CARE,PR,-84.47,32.44,860,ATLANTA,0,N,7/1/1999,,,,,,,N,N
3185,5FD6,03059.*H,HELIPORT,PR,ASO,ORL,BOCA GRANDE,LEE,FL,BOCA GRANDE HELISTOP,PU,-82.25,26.74,10,MIAMI,0,N,3/1/1988,,,,,,,N,N
14156,77S,19414.1*A,AIRPORT,PU,ANM,SEA,CRESWELL,LANE,OR,HOBBY FIELD,PU,-123,43.93,535,KLAMATH FALLS,1,NE,,,NGY,N,N,N,Y,N,N
14731,PS70,20426.*A,AIRPORT,PR,AEA,HAR,FRIEDENSBURG,SCHUYLKILL,PA,CIDER FIELD,PR,-76.28,40.6,770,NEW YORK,2,W,4/1/1986,,,,,,,N,N
16552,TA41,23826.1*H,HELIPORT,PR,ASW,NONE,EL PASO,EL PASO,TX,THOMASON GENERAL HOSPITAL,PR,-106.43,31.77,3701,EL PASO,0,N,6/1/1989,,,,,,,N,N
12135,NM63,14740.51*A,AIRPORT,PR,ASW,NONE,STANLEY,SANTA FE,NM,BIG SKY,PR,-106.01,35.16,6200,ALBUQUERQUE,2,W,5/1/1994,,,,,,,N,N
8386,11MI,09676.*H,HELIPORT,PR,AGL,DET,CLARKSTON,OAKLAND,MI,WAGNER'S LANDING,PR,-83.43,42.73,970,DETROIT,1,W,2/1/1987,,,,,,,N,N
9358,EZZ,11587.*A,AIRPORT,PU,ACE,NONE,CAMERON,CLINTON,MO,CAMERON MEMORIAL,PU,-94.27,39.72,1036,KANSAS CITY,2,SW,,,NGY,,,N,,N,N
1312,OLS,00739.*A,AIRPORT,PU,AWP,NONE,NOGALES,SANTA CRUZ,AZ,NOGALES INTL,PU,-110.84,31.41,3955,PHOENIX,7,NE,,,NGY,Y,N,N,Y,N,N
11535,06NH,13307.01*A,AIRPORT,PR,ANE,NONE,KENSINGTON,ROCKINGHAM,NH,COLE FARM,PR,-70.97,42.92,160,NEW YORK,2,W,11/1/2000,,,,,,,N,N
14979,7PA7,21075.01*H,HELIPORT,PR,AEA,HAR,NORRISTOWN,MONTGOMERY,PA,ONE MONTGOMERY PLAZA,PR,-75.33,40.11,269,NEW YORK,4,SE,,,,,,,,N,N
16499,F66,23759.5*A,AIRPORT,PU,ASW,NONE,DE SOTO,DALLAS,TX,CARROLL AIR PARK,PR,-96.86,32.55,715,DALLAS-FT WORTH,2,S,,,,N,N,N,N,N,N
12244,NV73,13106.79*H,HELIPORT,PR,AWP,SFO,PAHRUMP,NYE,NV,PRECIOUS MATERIALS,PR,-116.04,36.34,2850,LAS VEGAS,7,NW,2/1/1987,,,,,,,N,N
6689,16KS,06621.02*A,AIRPORT,PR,ACE,NONE,GARDEN CITY,FINNEY,KS,SENG,PR,-100.77,37.94,2850,WICHITA,5,SE,,,,,,,,N,N
6296,IN20,05469.18*A,AIRPORT,PR,AGL,CHI,MARTINSVILLE,MORGAN,IN,JUNGCLAUS,PR,-86.28,39.45,765,CINCINNATI,6,NE,,,,,,,,N,N
14234,25U,19476.21*A,AIRPORT,PU,ANM,SEA,IMNAHA,WALLOWA,OR,MEMALOOSE,PU,-116.69,45.42,6708,GREAT FALLS,10,SE,,,,,,N,N,N,N
9070,5MN1,10812.022*A,AIRPORT,PR,AGL,MSP,MANKATO,NICOLLET,MN,BUDDE,PR,-94.11,44.2,975,OMAHA,3,NW,,,,,,,,N,N
16314,4.00E+02,23610.1*A,AIRPORT,PR,ASW,NONE,CLAUDE,ARMSTRONG,TX,REED,PR,-101.31,34.9,3369,DALLAS-FT WORTH,11,SE,,,,,,,,N,N
10398,IGX,16605.*A,AIRPORT,PU,ASO,ATL,CHAPEL HILL,ORANGE,NC,HORACE WILLIAMS,PU,-79.06,35.93,512,CHARLOTTE,1,N,,,N,N,N,N,N,N,N
9530,72MU,11816.29*H,HELIPORT,PR,ACE,NONE,KANSAS CITY,PLATTE,MO,EXECUTIVE HILLS POLO CLUB,PR,-94.67,39.28,1042,KANSAS CITY,0,N,6/1/1987,,,,,,,N,N
8456,66G,09820.*A,AIRPORT,PU,AGL,DET,FRANKENMUTH,SAGINAW,MI,WM 'TINY' ZEHNDER FIELD,PR,-83.7,43.31,645,DETROIT,2,SE,,,,,,,,N,N
36,AGN,50037.6*C,SEAPLANE BASE,PU,AAL,NONE,ANGOON,SITKA,AK,ANGOON,PU,-134.58,57.5,0,JUNEAU,1,SE,,,NGY,N,N,N,Y,N,N
14248,OR87,19480.66*S,STOLPORT,PR,ANM,SEA,KENT,SHERMAN,OR,COMPRESSOR STATION NR 10,PR,-120.61,45.12,2677,SEATTLE,5,SE,,,,,,,,N,N
12079,N29,14649.1*A,AIRPORT,PU,ASW,NONE,MAGDALENA,SOCORRO,NM,MAGDALENA,PU,-107.29,34.09,6727,ALBUQUERQUE,3,W,,,NGY,,,,Y,N,N
3773,99FD,03430.04*H,HELIPORT,PR,ASO,ORL,PANAMA CITY,BAY,FL,HELI-TECH INC,PR,-85.69,30.21,10,NEW ORLEANS,3,SE,4/1/1993,,,,,,,N,N
6465,3II7,05649.12*H,HELIPORT,PR,AGL,CHI,SHELBYVILLE,SHELBY,IN,ARMY AVIATION SUPPORT FACILITY,PU,-85.79,39.58,790,ST LOUIS,3,NW,,,,,,,,N,N
11779,NJ27,13920.5*H,HELIPORT,PR,AEA,NYC,LONG VALLEY,MORRIS,NJ,WRNJ,PR,-74.8,40.84,620,MONTREAL,1,SE,9/1/1988,,,,,,,N,N
2822,CD62,02709.99*H,HELIPORT,PR,ANM,DEN,RANGELY,RIO BLANCO,CO,BAXTER PASS,PR,-108.95,39.58,8718,DENVER,32,S,3/1/1988,,,,,,,N,N
6178,II14,05365.1*A,AIRPORT,PR,AGL,CHI,HUNTINGTON,HUNTINGTON,IN,BECK PVT,PR,-85.56,40.96,840,CHICAGO,7,NW,2/1/1982,,,,,,,N,N
25,ANC,50034.*A,AIRPORT,PU,AAL,NONE,ANCHORAGE,ANCHORAGE,AK,TED STEVENS ANCHORAGE INTL,PU,-149.99,61.17,144,ANCHORAGE,4,SW,,ES 03/1973,NGSY,N,Y,N,Y,Y,Y
633,BHM,00164.*A,AIRPORT,PU,ASO,JAN,BIRMINGHAM,JEFFERSON,AL,BIRMINGHAM INTL,PU,-86.75,33.56,644,ATLANTA,4,NE,,CS 05/1973,NGPY,N,Y,Y,Y,Y,Y
1369,PHX,00754.*A,AIRPORT,PU,AWP,NONE,PHOENIX,MARICOPA,AZ,PHOENIX SKY HARBOR INTL,PU,-112,33.43,1135,PHOENIX,3,E,,DS 05/1973,NGRSY,N,Y,Y,Y,Y,Y
2265,SAN,02170.*A,AIRPORT,PU,AWP,NONE,SAN DIEGO,SAN DIEGO,CA,SAN DIEGO INTL-LINDBERGH FLD,PU,-117.18,32.73,14,LOS ANGELES,2,W,,DS 05/1973,NGSY,N,Y,Y,Y,Y,Y
10169,GTF,12381.*A,AIRPORT,PU,ANM,HLN,GREAT FALLS,CASCADE,MT,GREAT FALLS INTL,PU,-111.37,47.48,3677,GREAT FALLS,3,SW,,CS 05/1973,NGPY3,Y,N,Y,Y,Y,Y
10201,HLN,12402.*A,AIRPORT,PU,ANM,HLN,HELENA,LEWIS AND CLARK,MT,HELENA REGIONAL,PU,-111.98,46.6,3874,GREAT FALLS,2,NE,,BS 05/1973,NGY3,N,Y,Y,Y,Y,Y
10633,RDU,17035.*A,AIRPORT,PU,ASO,ATL,RALEIGH/DURHAM,WAKE,NC,RALEIGH-DURHAM INTL,PU,-78.78,35.87,435,CHARLOTTE,9,NW,,CS 05/1973,NGRY3,N,Y,N,Y,Y,Y
12249,RNO,13123.*A,AIRPORT,PU,AWP,SFO,RENO,WASHOE,NV,RENO/TAHOE INTERNATIONAL,PU,-119.76,39.49,4412,SAN FRANCISCO,3,SE,,CS 05/1973,NGY,N,Y,Y,Y,Y,Y
14361,PDX,19571.*A,AIRPORT,PU,ANM,SEA,PORTLAND,MULTNOMAH,OR,PORTLAND INTL,PU,-122.59,45.58,30,SEATTLE,4,NE,,ES 05/1973,NGPY,N,Y,Y,Y,Y,Y
15897,MEM,23097.*A,AIRPORT,PU,ASO,MEM,MEMPHIS,SHELBY,TN,MEMPHIS INTL,PU,-89.97,35.04,341,MEMPHIS,3,S,,DS 05/1973,NGPY3,N,Y,Y,Y,Y,Y
15913,BNA,23121.*A,AIRPORT,PU,ASO,MEM,NASHVILLE,DAVIDSON,TN,NASHVILLE INTL,PU,-86.67,36.12,599,ATLANTA,5,SE,,CS 05/1973,NGPRY3,N,Y,N,Y,Y,Y
16361,CRP,23657.2*A,AIRPORT,PU,ASW,NONE,CORPUS CHRISTI,NUECES,TX,CORPUS CHRISTI INTL,PU,-97.5,27.77,43,BROWNSVILLE,5,W,,CS 05/1973,NGY,N,Y,Y,Y,Y,Y
7082,LEX,07233.*A,AIRPORT,PU,ASO,MEM,LEXINGTON,FAYETTE,KY,BLUE GRASS,PU,-84.6,38.03,979,CINCINNATI,4,W,,CS 05/1973,NGY3,N,Y,N,Y,Y,Y
12218,LAS,13083.*A,AIRPORT,PU,AWP,SFO,LAS VEGAS,CLARK,NV,MC CARRAN INTL,PU,-115.15,36.08,2181,LAS VEGAS,5,S,,DS 05/1973,NGPSY,N,Y,N,Y,Y,Y
12330,BGM,14904.*A,AIRPORT,PU,AEA,NYC,BINGHAMTON,BROOME,NY,BINGHAMTON REGIONAL/EDWIN A LINK FIELD,PU,-75.97,42.2,1636,NEW YORK,7,N,,BS 05/1973,NGY,N,N,N,Y,Y,Y
17210,MAF,24353.*A,AIRPORT,PU,ASW,NONE,MIDLAND,MIDLAND,TX,MIDLAND INTERNATIONAL,PU,-102.2,31.94,2871,SAN ANTONIO,8,SW,,CS 05/1973,NGPY,N,Y,N,Y,Y,Y
18857,SEA,26395.*A,AIRPORT,PU,ANM,SEA,SEATTLE,KING,WA,SEATTLE-TACOMA INTL,PU,-122.3,47.44,429,SEATTLE,10,S,,ES 05/1973,NGY3,N,Y,N,Y,Y,Y
285,ADQ,50425.*A,AIRPORT,PU,AAL,NONE,KODIAK,KODIAK,AK,KODIAK,PU,-152.49,57.74,73,KODIAK,3,SW,,AS 05/1973,NGY,N,Y,N,Y,Y,Y
2093,OAK,01971.*A,AIRPORT,PU,AWP,SFO,OAKLAND,ALAMEDA,CA,METROPOLITAN OAKLAND INTL,PU,-122.22,37.72,6,SAN FRANCISCO,4,S,,DS 05/1973,NGPY,N,Y,N,Y,Y,Y
3629,MIA,03333.*A,AIRPORT,PU,ASO,ORL,MIAMI,DADE,FL,MIAMI INTL,PU,-80.29,25.79,8,MIAMI,8,NW,,ES 05/1973,NGPY,Y,N,N,Y,Y,Y
3917,VPS,03534.*A,AIRPORT,PU,ASO,ORL,VALPARAISO,OKALOOSA,FL,EGLIN AFB,MA,-86.52,30.48,85,NEW ORLEANS,1,SW,,BS 05/1973,NGY,N,N,Y,Y,Y,Y
4317,SAV,03992.*A,AIRPORT,PU,ASO,ATL,SAVANNAH,CHATHAM,GA,SAVANNAH INTERNATIONAL,PU,-81.2,32.12,50,ATLANTA,7,NW,,CS 05/1973,NGPY3,N,Y,Y,Y,Y,Y
5181,MDW,04507.*A,AIRPORT,PU,AGL,CHI,CHICAGO,COOK,IL,CHICAGO MIDWAY,PU,-87.75,41.78,620,CHICAGO,9,SW,,CS 05/1973,NGY3,Y,N,Y,Y,Y,Y
7437,LFT,07589.*A,AIRPORT,PU,ASW,NONE,LAFAYETTE,LAFAYETTE,LA,LAFAYETTE REGIONAL,PU,-91.98,30.2,42,HOUSTON,2,SE,,BS 05/1973,NGPY3,N,N,N,Y,Y,Y
9533,MCI,11816.6*A,AIRPORT,PU,ACE,NONE,KANSAS CITY,PLATTE,MO,KANSAS CITY INTL,PU,-94.71,39.29,1026,KANSAS CITY,15,NW,,CS 05/1973,NGY,N,Y,N,Y,Y,Y
11341,LNK,12794.*A,AIRPORT,PU,ACE,NONE,LINCOLN,LANCASTER,NE,LINCOLN MUNI,PU,-96.75,40.85,1219,OMAHA,4,NW,,BS 05/1973,NGPY,N,N,Y,Y,Y,Y
12525,ISP,15481.*A,AIRPORT,PU,AEA,NYC,ISLIP,SUFFOLK,NY,LONG ISLAND MAC ARTHUR,PU,-73.1,40.79,99,NEW YORK,7,NE,,CS 05/1973,NGY,N,Y,N,Y,Y,Y
12637,JFK,15793.*A,AIRPORT,PU,AEA,NYC,NEW YORK,QUEENS,NY,JOHN F KENNEDY INTL,PU,-73.77,40.63,13,NEW YORK,13,SE,,ES 05/1973,NGSY3,N,Y,N,Y,Y,Y
12845,HPN,16433.*A,AIRPORT,PU,AEA,NYC,WHITE PLAINS,WESTCHESTER,NY,WESTCHESTER COUNTY,PU,-73.7,41.06,439,NEW YORK,3,NE,,BS 04/1977,NGY3,N,Y,Y,Y,Y,Y
15037,PHL,21217.*A,AIRPORT,PU,AEA,HAR,PHILADELPHIA,PHILADELPHIA,PA,PHILADELPHIA INTL,PU,-75.24,39.87,38,WASHINGTON,5,SW,,DS 05/1973,NGY,N,Y,N,Y,Y,Y
750,HSV,00385.1*A,AIRPORT,PU,ASO,JAN,HUNTSVILLE,MADISON,AL,HUNTSVILLE INTL-CARL T JONES FIELD,PU,-86.77,34.64,629,ATLANTA,9,SW,,CS 05/1973,NGY,N,Y,N,Y,Y,Y
782,MOB,00438.*A,AIRPORT,PU,ASO,JAN,MOBILE,MOBILE,AL,MOBILE REGIONAL,PU,-88.24,30.69,219,NEW ORLEANS,11,W,,CS 05/1973,NGRY3,N,Y,Y,Y,Y,Y
5182,ORD,04508.*A,AIRPORT,PU,AGL,CHI,CHICAGO,COOK,IL,CHICAGO O'HARE INTL,PU,-87.9,41.97,668,CHICAGO,14,NW,,ES 05/1973,NGPRY,N,Y,Y,Y,Y,Y
7230,BTR,07425.*A,AIRPORT,PU,ASW,NONE,BATON ROUGE,EAST BATON ROUGE,LA,"BATON ROUGE METROPOLITAN,RYAN FIELD",PU,-91.14,30.53,70,HOUSTON,4,N,,CS 05/1973,NGPY3,N,Y,N,Y,Y,Y
12638,LGA,15794.*A,AIRPORT,PU,AEA,NYC,NEW YORK,QUEENS,NY,LA GUARDIA,PU,-73.87,40.77,22,NEW YORK,4,E,,DS 05/1973,NGY3,N,Y,N,Y,Y,Y
12798,SYR,16269.*A,AIRPORT,PU,AEA,NYC,SYRACUSE,ONONDAGA,NY,SYRACUSE HANCOCK INTL,PU,-76.1,43.11,421,NEW YORK,4,NE,,CS 05/1973,NGPY,N,Y,Y,Y,Y,Y
15262,AVP,21781.*A,AIRPORT,PU,AEA,HAR,WILKES-BARRE/SCRANTON,LUZERNE,PA,WILKES-BARRE/SCRANTON INTL,PU,-75.72,41.33,962,NEW YORK,5,SW,,BS 05/1973,NGY3,N,Y,N,Y,Y,Y
15742,TRI,22884.*A,AIRPORT,PU,ASO,MEM,BRISTOL/JOHNSON/KINGSPORT,SULLIVAN,TN,TRI-CITIES REGIONAL TN/VA,PU,-82.4,36.47,1519,CINCINNATI,12,SW,,BS 05/1973,NGY,N,N,N,Y,Y,Y
16910,HOU,24071.*A,AIRPORT,PU,ASW,NONE,HOUSTON,HARRIS,TX,WILLIAM P HOBBY,PU,-95.27,29.64,46,HOUSTON,8,SE,,CS 05/1973,NGY3,N,Y,N,Y,Y,Y
19293,MKE,27388.*A,AIRPORT,PU,AGL,MSP,MILWAUKEE,MILWAUKEE,WI,GENERAL MITCHELL INTERNATIONAL,PU,-87.89,42.94,723,CHICAGO,5,S,,CS 05/1973,NGY3,N,Y,Y,Y,Y,Y
15693,FSD,22789.*A,AIRPORT,PU,AGL,BIS,SIOUX FALLS,MINNEHAHA,SD,JOE FOSS FIELD,PU,-96.74,43.58,1429,OMAHA,3,NW,,BS 05/1973,NGPY,N,N,Y,Y,Y,Y
3071,IAD,03002.*A,AIRPORT,PU,AEA,DCA,WASHINGTON,LOUDOUN,DC,WASHINGTON DULLES INTERNATIONAL,PU,-77.45,38.94,313,WASHINGTON,20,W,,ES 05/1973,NGYH,N,Y,N,Y,Y,Y
3599,MLB,03321.*A,AIRPORT,PU,ASO,ORL,MELBOURNE,BREVARD,FL,MELBOURNE INTL,PU,-80.64,28.1,33,JACKSONVILLE,2,NW,,CS 05/1973,NGPRY3,N,N,N,Y,Y,Y
3775,PFN,03430.1*A,AIRPORT,PU,ASO,ORL,PANAMA CITY,BAY,FL,PANAMA CITY-BAY CO INTL,PU,-85.68,30.21,20,NEW ORLEANS,3,NW,,BS 05/1973,NGY,N,Y,N,Y,Y,Y
3887,TLH,03509.1*A,AIRPORT,PU,ASO,ORL,TALLAHASSEE,LEON,FL,TALLAHASSEE REGIONAL,PU,-84.35,30.39,81,JACKSONVILLE,4,SW,,CS 05/1973,NGSY,N,N,N,Y,Y,Y
4447,OGG,52240.*A,AIRPORT,PU,AWP,HNL,KAHULUI,MAUI,HI,KAHULUI,PU,-156.43,20.89,54,HAWAIIAN ISLANDS,3,E,,DS 05/1973,NGYP,N,Y,N,Y,Y,Y
13007,CLE,17746.*A,AIRPORT,PU,AGL,DET,CLEVELAND,CUYAHOGA,OH,CLEVELAND-HOPKINS INTL,PU,-81.84,41.41,791,DETROIT,9,SW,,CS 05/1973,NGPSY3,Y,N,N,Y,Y,Y
14015,TUL,19283.*A,AIRPORT,PU,ASW,NONE,TULSA,TULSA,OK,TULSA INTL,PU,-95.88,36.19,677,DALLAS-FT WORTH,5,NE,,DS 05/1973,NGPRSY3,N,Y,Y,Y,Y,Y
176,FAI,50219.*A,AIRPORT,PU,AAL,NONE,FAIRBANKS,FAIRBANKS,AK,FAIRBANKS INTL,PU,-147.85,64.81,434,FAIRBANKS,3,SW,,CS 03/1973,NGSY,N,Y,N,Y,Y,Y
6208,IND,05375.*A,AIRPORT,PU,AGL,CHI,INDIANAPOLIS,MARION,IN,INDIANAPOLIS INTL,PU,-86.29,39.71,797,ST LOUIS,7,SW,,CS 05/1973,NGPY3,N,Y,N,Y,Y,Y
14768,MDT,20503.*A,AIRPORT,PU,AEA,HAR,HARRISBURG,DAUPHIN,PA,HARRISBURG INTERNATIONAL,PU,-76.76,40.19,310,NEW YORK,8,SE,,CS 05/1973,NGPVY,N,Y,Y,Y,Y,Y
16911,IAH,24071.1*A,AIRPORT,PU,ASW,NONE,HOUSTON,HARRIS,TX,GEORGE BUSH INTERCONTINENTAL ARPT/HOUSTON,PU,-95.33,29.98,97,HOUSTON,15,N,,ES 05/1973,NGY,N,Y,N,Y,Y,Y
17536,SAT,24709.*A,AIRPORT,PU,ASW,NONE,SAN ANTONIO,BEXAR,TX,SAN ANTONIO INTL,PU,-98.46,29.53,809,SAN ANTONIO,7,N,,CS 05/1973,NGYP3,N,Y,N,Y,Y,Y
19584,HTS,26693.*A,AIRPORT,PU,AEA,BKW,HUNTINGTON,WAYNE,WV,TRI-STATE/MILTON J. FERGUSON FIELD,PU,-82.55,38.36,828,CINCINNATI,3,S,,BS 05/1973,NGY,N,Y,Y,Y,Y,Y
15856,TYS,23046.*A,AIRPORT,PU,ASO,MEM,KNOXVILLE,BLOUNT,TN,MC GHEE TYSON,PU,-83.99,35.81,981,ATLANTA,10,S,,CS 05/1973,NGPY3,N,Y,Y,Y,Y,Y
293,OTZ,50429.*A,AIRPORT,PU,AAL,NONE,KOTZEBUE,KOBUK,AK,RALPH WIEN MEMORIAL,PU,-162.59,66.88,11,NOME,1,S,,BS 05/1973,NGSY,N,N,N,Y,N,Y
2597,DEN,02573.*A,AIRPORT,PU,ANM,DEN,DENVER,DENVER,CO,DENVER INTL,PU,-104.66,39.85,5431,DENVER,16,NE,Aug-93,DS 02/1995,NGY,,,,,Y,Y
2677,GJT,02624.*A,AIRPORT,PU,ANM,DEN,GRAND JUNCTION,MESA,CO,WALKER FIELD,PU,-108.52,39.12,4858,DENVER,3,NE,,BS 05/1973,NGSY3,N,N,N,Y,Y,Y
7093,SDF,07243.*A,AIRPORT,PU,ASO,MEM,LOUISVILLE,JEFFERSON,KY,LOUISVILLE INTL-STANDIFORD FIELD,PU,-85.73,38.17,501,ST LOUIS,4,S,,CS 05/1973,NGRY,N,Y,Y,Y,Y,Y
7701,BOS,08778.*A,AIRPORT,PU,ANE,NONE,BOSTON,SUFFOLK,MA,GENERAL EDWARD LAWRENCE LOGAN INTL,PU,-71,42.36,20,NEW YORK,1,E,,ES 09/1972,NGPY3,N,Y,N,Y,Y,Y
9093,MSP,10824.*A,AIRPORT,PU,AGL,MSP,MINNEAPOLIS,HENNEPIN,MN,MINNEAPOLIS-ST PAUL INTL/WOLD-CHAMBERLAIN/,PU,-93.21,44.88,841,TWIN CITIES,6,SW,,ES 05/1973,NGPRSY,N,Y,Y,Y,Y,Y
10101,BIL,12265.*A,AIRPORT,PU,ANM,HLN,BILLINGS,YELLOWSTONE,MT,BILLINGS LOGAN INTL,PU,-108.54,45.8,3649,BILLINGS,2,NW,,CS 05/1973,NGY3,N,Y,Y,Y,Y,Y
10869,FAR,17328.*A,AIRPORT,PU,AGL,BIS,FARGO,CASS,ND,HECTOR INTL,PU,-96.81,46.91,900,TWIN CITIES,3,NW,,CS 05/1973,NGPY3,N,Y,Y,Y,Y,Y
1526,ACV,01255.1*A,AIRPORT,PU,AWP,SFO,ARCATA/EUREKA,HUMBOLDT,CA,ARCATA,PU,-124.1,40.97,218,KLAMATH FALLS,7,N,,AS 05/1973,NGPY,N,Y,Y,Y,N,Y
1590,BUR,01353.*A,AIRPORT,PU,AWP,NONE,BURBANK,LOS ANGELES,CA,BURBANK-GLENDALE-PASADENA,PU,-118.35,34.2,775,LOS ANGELES,3,NW,,CS 05/1973,NGY,N,N,N,Y,Y,Y
2070,MRY,01914.*A,AIRPORT,PU,AWP,SFO,MONTEREY,MONTEREY,CA,MONTEREY PENINSULA,PU,-121.84,36.58,254,SAN FRANCISCO,3,SE,,BS 05/1973,NGY,N,N,,Y,Y,Y
3062,BDL,02946.*A,AIRPORT,PU,ANE,NONE,WINDSOR LOCKS,HARTFORD,CT,BRADLEY INTL,PU,-72.68,41.93,174,NEW YORK,3,W,,DS 05/1973,NGPY,N,Y,Y,Y,Y,Y
4022,AGS,03650.*A,AIRPORT,PU,ASO,ATL,AUGUSTA,RICHMOND,GA,AUGUSTA RGNL AT BUSH FIELD,PU,-81.96,33.36,145,ATLANTA,6,S,,CS 05/1973,NGPY,N,N,N,Y,Y,Y
4822,BOI,04149.*A,AIRPORT,PU,ANM,SEA,BOISE,ADA,ID,BOISE AIR TERMINAL/GOWEN FLD,PU,-116.22,43.56,2868,SALT LAKE CITY,3,S,,CS 05/1973,NGHYP3,Y,N,Y,Y,Y,Y
7190,AEX,07411.*A,AIRPORT,PU,ASW,NONE,ALEXANDRIA,RAPIDES,LA,ALEXANDRIA INTL,PU,-92.54,31.32,89,HOUSTON,4,W,,DS 08/1993,NP,N,N,,Y,Y,Y
8262,PWM,08215.*A,AIRPORT,PU,ANE,NONE,PORTLAND,CUMBERLAND,ME,PORTLAND INTL JETPORT,PU,-70.3,43.64,74,NEW YORK,2,W,,CS 05/1973,NGY3,N,Y,N,Y,Y,Y
11990,ABQ,14532.*A,AIRPORT,PU,ASW,NONE,ALBUQUERQUE,BERNALILLO,NM,ALBUQUERQUE INTL SUNPORT,PU,-106.6,35.04,5355,ALBUQUERQUE,3,SE,,CS 05/1973,NGPSY,N,Y,Y,Y,Y,Y
18422,STT,55027.*A,AIRPORT,PU,ASO,ORL,CHARLOTTE AMALIE,-VIRGIN ISLANDS-,VI,CYRIL E KING,PU,-64.97,18.33,23,SAN JUAN LOCAL,2,W,,CS 05/1973,NGPY,N,Y,N,Y,Y,Y
18886,GEG,26416.*A,AIRPORT,PU,ANM,SEA,SPOKANE,SPOKANE,WA,SPOKANE INTL,PU,-117.53,47.61,2372,SEATTLE,5,SW,,CS 05/1973,NGPY,N,Y,Y,Y,Y,Y
16102,AUS,23369.*A,AIRPORT,PU,ASW,NONE,AUSTIN,TRAVIS,TX,AUSTIN-BERGSTROM INTL,PU,-97.66,30.19,541,SAN ANTONIO,5,SE,,DS 06/1997,NGPY,,Y,N,Y,Y,Y
2995,HVN,02858.*A,AIRPORT,PU,ANE,NONE,NEW HAVEN,NEW HAVEN,CT,TWEED-NEW HAVEN,PU,-72.88,41.26,14,NEW YORK,3,SE,,AS 05/1973,NGY3,N,Y,N,Y,Y,N
3747,MCO,03407.*A,AIRPORT,PU,ASO,ORL,ORLANDO,ORANGE,FL,ORLANDO INTL,PU,-81.31,28.42,96,JACKSONVILLE,6,SE,,DS 05/1973,NGPY,N,Y,N,Y,Y,Y
7923,BWI,08456.*A,AIRPORT,PU,AEA,DCA,BALTIMORE,ANNE ARUNDEL,MD,BALTIMORE-WASHINGTON INTL,PU,-76.66,39.17,146,WASHINGTON,9,S,Jan-03,DS 05/1973,NGY,N,Y,N,Y,Y,Y
964,XNA,00975.01*A,AIRPORT,PU,ASW,NONE,FAYETTEVILLE/SPRINGDALE/,BENTON,AR,NORTHWEST ARKANSAS RGNL,PU,-94.3,36.28,1287,KANSAS CITY,15,NW,Apr-97,BS 10/1998,NGY,,,,,Y,Y
4436,HNL,52161.*A,AIRPORT,PU,AWP,HNL,HONOLULU,HONOLULU,HI,HONOLULU INTL,PU,-157.92,21.31,13,HAWAIIAN ISLANDS,3,NW,,ES 05/1973,NGPSY3,N,Y,Y,Y,Y,Y
8484,GRR,09852.*A,AIRPORT,PU,AGL,DET,GRAND RAPIDS,KENT,MI,GERALD R. FORD INTERNATIONAL,PU,-85.52,42.88,794,CHICAGO,6,SE,,CS 05/1973,NGY,N,Y,N,Y,Y,Y
9940,JAN,11280.*A,AIRPORT,PU,ASO,JAN,JACKSON,RANKIN,MS,JACKSON INTERNATIONAL,PU,-90.07,32.31,346,MEMPHIS,5,E,,CS 05/1973,NGY,N,Y,Y,Y,Y,Y
13908,OKC,19136.*A,AIRPORT,PU,ASW,NONE,OKLAHOMA CITY,OKLAHOMA,OK,WILL ROGERS WORLD,PU,-97.6,35.39,1295,DALLAS-FT WORTH,6,SW,,CS 05/1973,NGPRY,N,Y,Y,Y,Y,Y
15060,PIT,21252.*A,AIRPORT,PU,AEA,HAR,PITTSBURGH,ALLEGHENY,PA,PITTSBURGH INTERNATIONAL,PU,-80.23,40.49,1204,DETROIT,12,NW,,DS 05/1973,NGY3,N,Y,Y,Y,Y,Y
15684,RAP,22776.*A,AIRPORT,PU,AGL,BIS,RAPID CITY,PENNINGTON,SD,RAPID CITY REGIONAL,PU,-103.05,44.04,3202,CHEYENNE,8,SE,,BS 05/1973,NGY,N,N,Y,Y,Y,Y
16068,AMA,23328.*A,AIRPORT,PU,ASW,NONE,AMARILLO,POTTER,TX,AMARILLO INTL,PU,-101.7,35.21,3605,DALLAS-FT WORTH,6,E,,CS 05/1973,NGPY3,N,Y,N,Y,Y,Y
16772,HRL,24012.*A,AIRPORT,PU,ASW,NONE,HARLINGEN,CAMERON,TX,VALLEY INTL,PU,-97.65,26.22,36,BROWNSVILLE,3,NE,,BS 05/1973,NGPY3,N,N,N,Y,Y,Y
17971,SLC,25289.*A,AIRPORT,PU,ANM,DEN,SALT LAKE CITY,SALT LAKE,UT,SALT LAKE CITY INTL,PU,-111.97,40.78,4227,SALT LAKE CITY,3,W,,DS 05/1973,NGPY,N,Y,Y,Y,Y,Y
19187,GRB,27234.*A,AIRPORT,PU,AGL,MSP,GREEN BAY,BROWN,WI,AUSTIN STRAUBEL INTERNATIONAL,PU,-88.12,44.48,695,GREEN BAY,7,SW,,CS 05/1973,NGY,N,Y,N,Y,Y,Y
15347,PVD,22024.*A,AIRPORT,PU,ANE,NONE,PROVIDENCE,KENT,RI,THEODORE FRANCIS GREEN STATE,PU,-71.42,41.72,55,NEW YORK,6,S,,CS 05/1973,NGY3,N,Y,N,Y,Y,Y
1457,TUS,00816.*A,AIRPORT,PU,AWP,NONE,TUCSON,PIMA,AZ,TUCSON INTL,PU,-110.94,32.11,2643,PHOENIX,6,S,,DS 05/1973,NGPSY3,Y,N,Y,Y,Y,Y
3345,RSW,03198.2*A,AIRPORT,PU,ASO,ORL,FORT MYERS,LEE,FL,SOUTHWEST FLORIDA INTL,PU,-81.75,26.53,30,MIAMI,10,SE,,DS 05/1983,NGY,N,Y,,Y,Y,Y
8417,DTW,09749.*A,AIRPORT,PU,AGL,DET,DETROIT,WAYNE,MI,DETROIT METROPOLITAN WAYNE COUNTY,PU,-83.34,42.21,640,DETROIT,15,S,,ES 05/1973,NGPRY,Y,N,N,Y,Y,Y
8449,FNT,09809.*A,AIRPORT,PU,AGL,DET,FLINT,GENESEE,MI,BISHOP INTERNATIONAL,PU,-83.74,42.96,782,DETROIT,3,SW,,BS 05/1973,NGY3,Y,N,N,Y,Y,Y
14497,ABE,19673.*A,AIRPORT,PU,AEA,HAR,ALLENTOWN,LEHIGH,PA,LEHIGH VALLEY INTERNATIONAL,PU,-75.44,40.65,394,NEW YORK,3,NE,,CS 05/1973,NGVY3,N,Y,N,Y,Y,Y
18322,ROA,25986.*A,AIRPORT,PU,AEA,DCA,ROANOKE,ROANOKE,VA,ROANOKE REGIONAL/WOODRUM FIELD,PU,-79.97,37.32,1176,CINCINNATI,3,NW,,BS 05/1973,NGY3,N,N,N,Y,Y,Y
2274,SFO,02187.*A,AIRPORT,PU,AWP,SFO,SAN FRANCISCO,SAN MATEO,CA,SAN FRANCISCO INTERNATIONAL,PU,-122.37,37.61,11,SAN FRANCISCO,8,SE,,ES 05/1973,NGPRY,N,N,Y,Y,Y,Y
3794,PNS,03435.*A,AIRPORT,PU,ASO,ORL,PENSACOLA,ESCAMBIA,FL,PENSACOLA REGIONAL,PU,-87.18,30.47,121,NEW ORLEANS,3,NE,,CS 05/1973,NGRY3,N,Y,N,Y,Y,Y
3890,TPA,03513.*A,AIRPORT,PU,ASO,ORL,TAMPA,HILLSBOROUGH,FL,TAMPA INTL,PU,-82.53,27.97,26,MIAMI,6,W,,DS 05/1973,NGPRY,Y,N,N,Y,Y,Y
4450,KOA,52250.2*A,AIRPORT,PU,AWP,HNL,KAILUA/KONA,HAWAII,HI,KONA INTL AT KEAHOLE,PU,-156.04,19.73,47,HAWAIIAN ISLANDS,6,NW,,DS 04/1973,NGY,N,Y,N,Y,Y,Y
10354,AVL,16517.5*A,AIRPORT,PU,ASO,ATL,ASHEVILLE,BUNCOMBE,NC,ASHEVILLE REGIONAL,PU,-82.54,35.43,2165,ATLANTA,9,S,,BS 05/1973,NGY,N,N,N,Y,Y,Y
15394,CHS,22174.*A,AIRPORT,PU,ASO,ATL,CHARLESTON,CHARLESTON,SC,CHARLESTON AFB/INTL,MA,-80.04,32.89,46,CHARLOTTE,9,NW,,CS 05/1973,NGPY3,N,Y,Y,Y,Y,Y
17825,SPS,25029.*A,AIRPORT,PU,ASW,NONE,WICHITA FALLS,WICHITA,TX,SHEPPARD AFB/WICHITA FALLS MUNI,MA,-98.49,33.98,1019,DALLAS-FT WORTH,5,N,,AS 05/1973,NGY,N,N,Y,Y,Y,Y
1783,FAT,01591.*A,AIRPORT,PU,AWP,SFO,FRESNO,FRESNO,CA,FRESNO YOSEMITE INTERNATIONAL,PU,-119.71,36.77,336,SAN FRANCISCO,5,NE,,CS 05/1973,NGPY,N,Y,N,Y,Y,Y
2551,COS,02543.*A,AIRPORT,PU,ANM,DEN,COLORADO SPRINGS,EL PASO,CO,CITY OF COLORADO SPRINGS MUNI,PU,-104.7,38.8,6184,DENVER,6,SE,,CS 05/1973,NGPY,N,Y,Y,Y,Y,Y
6967,ICT,06975.4*A,AIRPORT,PU,ACE,NONE,WICHITA,SEDGWICK,KS,WICHITA MID-CONTINENT,PU,-97.43,37.64,1332,WICHITA,5,SW,,CS 05/1973,NGY,N,Y,N,Y,Y,Y
9719,STL,12077.*A,AIRPORT,PU,ACE,NONE,ST LOUIS,ST LOUIS CITY,MO,LAMBERT-ST LOUIS INTL,PU,-90.35,38.74,604,ST LOUIS,10,NW,,DS 05/1973,NGPY3,N,Y,Y,Y,Y,Y
10407,CLT,16608.*A,AIRPORT,PU,ASO,ATL,CHARLOTTE,MECKLENBURG,NC,CHARLOTTE/DOUGLAS INTL,PU,-80.94,35.21,748,CHARLOTTE,4,W,,DS 05/1973,NGRY3,N,Y,Y,Y,Y,Y
10487,GSO,16758.*A,AIRPORT,PU,ASO,ATL,GREENSBORO,GUILFORD,NC,PIEDMONT TRIAD INTERNATIONAL,PU,-79.93,36.09,926,CINCINNATI,7,W,,CS 05/1973,NGRY3,N,Y,N,Y,Y,Y
12343,BUF,14954.*A,AIRPORT,PU,AEA,NYC,BUFFALO,ERIE,NY,BUFFALO NIAGARA INTL,PU,-78.73,42.94,724,DETROIT,5,E,,DS 05/1973,NGPY,N,Y,N,Y,Y,Y
2232,SMF,02124.2*A,AIRPORT,PU,AWP,SFO,SACRAMENTO,SACRAMENTO,CA,SACRAMENTO INTERNATIONAL,PU,-121.59,38.69,28,SAN FRANCISCO,10,NW,,CS 05/1973,NGHY,N,Y,N,Y,Y,Y
3064,DCA,03001.*A,AIRPORT,PU,AEA,DCA,WASHINGTON,ARLINGTON,DC,RONALD REAGAN WASHINGTON NATIONAL,PU,-77.03,38.85,15,WASHINGTON,3,S,,CS 05/1973,NGXY,N,N,N,N,Y,Y
3448,JAX,03250.1*A,AIRPORT,PU,ASO,ORL,JACKSONVILLE,DUVAL,FL,JACKSONVILLE INTL,PU,-81.68,30.49,30,JACKSONVILLE,9,N,,DS 05/1973,NGY,N,Y,Y,Y,Y,Y
4008,ATL,03640.*A,AIRPORT,PU,ASO,ATL,ATLANTA,FULTON,GA,THE WILLIAM B HARTSFIELD ATLANTA INTL,PU,-84.42,33.64,1026,ATLANTA,7,S,,ES 05/1973,NGPY3,N,Y,N,Y,Y,Y
7544,MSY,07675.*A,AIRPORT,PU,ASW,NONE,NEW ORLEANS,JEFFERSON,LA,NEW ORLEANS INTL/MOISANT FLD/,PU,-90.25,29.99,4,NEW ORLEANS,10,W,,DS 05/1973,NGY3,N,Y,N,Y,Y,Y
11544,MHT,13332.*A,AIRPORT,PU,ANE,NONE,MANCHESTER,HILLSBOROUGH,NH,MANCHESTER,PU,-71.43,42.93,242,NEW YORK,3,S,,CS 05/1973,NGPY,N,Y,Y,Y,Y,Y
11816,EWR,14052.*A,AIRPORT,PU,AEA,NYC,NEWARK,ESSEX,NJ,NEWARK INTL,PU,-74.16,40.69,18,NEW YORK,3,S,,ES 05/1973,NGY3,N,Y,N,Y,Y,Y
13048,CMH,17788.*A,AIRPORT,PU,AGL,DET,COLUMBUS,FRANKLIN,OH,PORT COLUMBUS INTL,PU,-82.89,39.99,815,CINCINNATI,6,E,,CS 05/1973,NGY3,N,Y,Y,Y,Y,Y
17127,MFE,24260.*A,AIRPORT,PU,ASW,NONE,MC ALLEN,HIDALGO,TX,MC ALLEN MILLER INTL,PU,-98.23,26.17,107,BROWNSVILLE,2,S,,CS 05/1973,NGY,Y,N,N,Y,Y,Y
59,BET,50061.1*A,AIRPORT,PU,AAL,NONE,BETHEL,BETHEL,AK,BETHEL,PU,-161.83,60.77,123,MC GRATH,3,SW,,BS 05/1973,,,,,,Y,Y
363,OME,50540.*A,AIRPORT,PU,AAL,NONE,NOME,NOME,AK,NOME,PU,-165.44,64.51,37,NOME,2,W,,BS 05/1973,NGPY,N,Y,N,Y,N,Y
2011,LAX,01818.*A,AIRPORT,PU,AWP,NONE,LOS ANGELES,LOS ANGELES,CA,LOS ANGELES INTL,PU,-118.4,33.94,126,LOS ANGELES,9,SW,,ES 05/1973,NGPY3,N,Y,,,Y,Y
2107,ONT,01986.*A,AIRPORT,PU,AWP,NONE,ONTARIO,SAN BERNARDINO,CA,ONTARIO INTL,PU,-117.6,34.05,944,LOS ANGELES,2,E,,DS 05/1973,NGPY,N,N,Y,Y,Y,Y
2283,SJC,02204.*A,AIRPORT,PU,AWP,SFO,SAN JOSE,SANTA CLARA,CA,SAN JOSE INTERNATIONAL,PU,-121.92,37.36,58,SAN FRANCISCO,2,NW,,CS 05/1973,NGY,N,Y,N,Y,Y,Y
3323,FLL,03192.*A,AIRPORT,PU,ASO,ORL,FORT LAUDERDALE,BROWARD,FL,FORT LAUDERDALE/HOLLYWOOD INTL,PU,-80.15,26.07,9,MIAMI,3,SW,,DS 05/1973,NGPSY,Y,N,N,Y,Y,Y
3947,PBI,03555.*A,AIRPORT,PU,ASO,ORL,WEST PALM BEACH,PALM BEACH,FL,PALM BEACH INTL,PU,-80.09,26.68,18,MIAMI,3,W,,DS 05/1973,NGPY,Y,N,N,Y,Y,Y
4571,DBQ,05957.*A,AIRPORT,PU,ACE,NONE,DUBUQUE,DUBUQUE,IA,DUBUQUE REGIONAL,PU,-90.7,42.4,1076,CHICAGO,7,SW,,AS 05/1973,NGY3,N,N,N,Y,Y,Y
7019,CVG,07090.*A,AIRPORT,PU,ASO,MEM,"COVINGTON/CINCINNATI,OH",BOONE,KY,CINCINNATI/NORTHERN KENTUCKY INTERNATIONAL,PU,-84.66,39.04,897,CINCINNATI,8,SW,,DS 05/1973,NGY,N,Y,N,Y,Y,Y
9915,GPT,11253.*A,AIRPORT,PU,ASO,JAN,GULFPORT,HARRISON,MS,GULFPORT-BILOXI RGNL,PU,-89.07,30.4,28,NEW ORLEANS,3,NE,,BS 05/1973,NGPY3,N,Y,Y,Y,Y,Y
13067,DAY,17818.*A,AIRPORT,PU,AGL,DET,DAYTON,MONTGOMERY,OH,JAMES M COX DAYTON INTL,PU,-84.21,39.9,1009,CINCINNATI,9,N,,CS 05/1973,NGPRSY,N,Y,N,Y,Y,Y
15323,SJU,53180.1*A,AIRPORT,PU,ASO,ORL,SAN JUAN,--PUERTO RICO,PR,LUIS MUNOZ MARIN INTL,PU,-66,18.43,9,SAN JUAN LOCAL,3,SE,,DS 05/1973,NGY,N,Y,Y,Y,Y,Y
16443,DFW,23710.6*A,AIRPORT,PU,ASW,NONE,DALLAS-FORT WORTH,TARRANT,TX,DALLAS/FORT WORTH INTERNATIONAL,PU,-97.03,32.89,603,DALLAS-FT WORTH,12,NW,,ES 07/1973,NGY,Y,N,N,Y,Y,Y
19260,MSN,27346.*A,AIRPORT,PU,AGL,MSP,MADISON,DANE,WI,DANE COUNTY REGIONAL-TRUAX FIELD,PU,-89.33,43.13,887,CHICAGO,5,NE,,CS 05/1973,NGPY,N,N,Y,Y,Y,Y
1948,LGB,01794.*A,AIRPORT,PU,AWP,NONE,LONG BEACH,LOS ANGELES,CA,LONG BEACH /DAUGHERTY FIELD/,PU,-118.15,33.81,58,LOS ANGELES,3,NE,,CS 05/1973,NGY3,N,Y,Y,Y,Y,Y
2284,SBP,02211.*A,AIRPORT,PU,AWP,SFO,SAN LUIS OBISPO,SAN LUIS OBISPO,CA,SAN LUIS OBISPO COUNTY-MC CHESNEY FIELD,PU,-120.64,35.23,209,LOS ANGELES,3,S,,AS 02/1980,NGY,N,N,N,Y,Y,Y
2300,SNA,02230.*A,AIRPORT,PU,AWP,NONE,SANTA ANA,ORANGE,CA,JOHN WAYNE AIRPORT-ORANGE COUNTY,PU,-117.86,33.67,54,LOS ANGELES,4,S,,CS 05/1973,NGPY3,N,N,N,Y,Y,Y
10108,BZN,12278.*A,AIRPORT,PU,ANM,HLN,BOZEMAN,GALLATIN,MT,GALLATIN FIELD,PU,-111.15,45.77,4474,GREAT FALLS,7,NW,,BS 05/1973,NGY3,N,N,N,Y,Y,Y
10220,FCA,12418.*A,AIRPORT,PU,ANM,HLN,KALISPELL,FLATHEAD,MT,GLACIER PARK INTL,PU,-114.25,48.31,2972,GREAT FALLS,6,NE,,BS 05/1973,NGY3,N,Y,N,Y,N,Y
11388,OMA,12854.*A,AIRPORT,PU,ACE,NONE,OMAHA,DOUGLAS,NE,EPPLEY AIRFIELD,PU,-95.89,41.3,984,OMAHA,3,NE,,CS 05/1973,NGY,N,Y,N,Y,Y,Y
12284,ALB,14789.*A,AIRPORT,PU,AEA,NYC,ALBANY,ALBANY,NY,ALBANY INTL,PU,-73.8,42.74,285,NEW YORK,6,NW,,CS 05/1973,NGY,Y,N,Y,Y,Y,Y
16444,DAL,23713.*A,AIRPORT,PU,ASW,NONE,DALLAS,DALLAS,TX,DALLAS LOVE FIELD,PU,-96.85,32.84,487,DALLAS-FT WORTH,5,NW,,CS 05/1973,NGY,N,Y,,,Y,Y
16556,ELP,23830.*A,AIRPORT,PU,ASW,NONE,EL PASO,EL PASO,TX,EL PASO INTL,PU,-106.37,31.8,3958,EL PASO,4,NE,,CS 05/1973,NGPRY3,Y,N,N,Y,Y,Y
16604,GRK,23882.2*A,AIRPORT,PR,ASW,NONE,FORT HOOD/KILLEEN,BELL,TX,ROBERT GRAY AAF,MR,-97.82,31.06,1015,SAN ANTONIO,0,,,LU 08/1990,,,,,Y,Y,N
18267,ORF,25905.*A,AIRPORT,PU,AEA,DCA,NORFOLK,NORFOLK,VA,NORFOLK INTL,PU,-76.2,36.89,26,WASHINGTON,3,NE,,CS 05/1973,NGRY3,N,Y,Y,Y,Y,Y
18315,RIC,25977.*A,AIRPORT,PU,AEA,DCA,RICHMOND,HENRICO,VA,RICHMOND INTERNATIONAL,PU,-77.31,37.5,167,WASHINGTON,6,E,,CS 05/1973,NGRY,N,Y,Y,Y,Y,Y
