id,carrier,origin,destination,flight_num,flight_time,tail_num,dep_time,arr_time,dep_delay,arr_delay,taxi_out,taxi_in,distance,cancelled,diverted,dep_day_of_week,dep_month,dep_date
17107,MQ,SNA,SJC,3186,62,N829AE,4/7/2005 15:24,4/7/2005 16:39,-1,0,9,4,342,N,N,Thursday,2005-04,4/7/2005
19471,DL,JFK,MCO,1998,134,N186DN,6/6/2000 17:15,6/6/2000 19:57,0,-13,23,5,944,N,N,Tuesday,2000-06,6/6/2000
194,AA,MIA,BWI,1898,125,N3BBAA,10/10/2002 13:36,10/10/2002 16:13,-4,0,24,8,946,N,N,Thursday,2002-10,10/10/2002
19905,HP,ORD,PHX,647,189,N622AW,2/20/2002 7:31,2/20/2002 10:31,-7,6,18,33,1440,N,N,Tuesday,2002-02,2/20/2002
11155,WN,SAT,HRL,173,40,N442WN,1/27/2005 18:45,1/27/2005 19:32,30,27,5,2,233,N,N,Thursday,2005-01,1/27/2005
4690,DL,PNS,ATL,772,52,N931DL,6/15/2005 6:16,6/15/2005 8:29,-4,-9,10,11,272,N,N,Tuesday,2005-06,6/15/2005
6886,DH,DAY,CVG,6153,26,N405FJ,5/15/2004 18:31,5/15/2004 19:12,-11,-13,8,6,64,N,N,Saturday,2004-05,5/15/2004
3674,DL,SLC,EWR,2166,213,N371DA,12/23/2000 16:43,12/23/2000 22:43,3,-13,18,9,1968,N,N,Saturday,2000-12,12/23/2000
5538,DL,ATL,ABQ,1589,188,N388DA,3/27/2003 18:47,3/27/2003 20:12,-3,1,12,5,1269,N,N,Thursday,2003-03,3/27/2003
510,WN,RNO,SJC,1466,47,N637SW,12/13/2000 15:00,12/13/2000 15:56,0,1,5,4,188,N,N,Wednesday,2000-12,12/13/2000
9437,AS,SEA,ANC,137,181,N981AS,2/4/2000 22:53,2/4/2000 1:11,0,-13,12,5,1449,N,N,Friday,2000-02,2/4/2000
7372,UA,SAN,SFO,148,61,N422UA,6/29/2003 9:42,6/29/2003 11:21,0,17,16,22,447,N,N,Sunday,2003-06,6/29/2003
15180,RU,GSO,EWR,2193,89,N16961,11/18/2004 17:09,11/18/2004 19:00,4,15,14,8,446,N,N,Thursday,2004-11,11/18/2004
11059,AA,MSY,DFW,1371,77,N236AA,5/7/2002 16:31,5/7/2002 18:09,-6,-5,13,8,448,N,N,Tuesday,2002-05,5/7/2002
4620,AS,LAX,SEA,471,128,N772AS,4/21/2003 16:48,4/21/2003 19:12,8,-11,9,7,954,N,N,Monday,2003-04,4/21/2003
7869,MQ,SYR,ORD,4182,100,N621AE,11/8/2004 6:00,11/8/2004 7:02,-3,-8,15,7,607,N,N,Sunday,2004-11,11/8/2004
18341,AA,LAX,STL,768,180,N585AA,4/15/2004 16:43,4/15/2004 22:00,-7,-24,14,3,1593,N,N,Thursday,2004-04,4/15/2004
834,DL,ATL,SYR,1203,101,N283WA,9/23/2001 14:12,9/23/2001 16:03,-3,-20,6,4,793,N,N,Sunday,2001-09,9/23/2001
13861,US,IAD,STL,2688,128,N279AU,1/9/2000 13:16,1/9/2000 14:39,-4,-3,11,4,696,N,N,Sunday,2000-01,1/9/2000
16748,OO,SAN,LAX,6186,33,N563SW,10/3/2003 16:34,10/3/2003 17:30,0,10,16,7,109,N,N,Friday,2003-10,10/3/2003
1793,OO,OAK,LAX,6506,56,N960SW,9/30/2004 16:07,9/30/2004 17:20,-1,-8,10,7,337,N,N,Thursday,2004-09,9/30/2004
8137,NW,MSP,MDW,1074,65,N617NW,11/24/2000 8:53,11/24/2000 10:15,-7,-8,9,8,349,N,N,Friday,2000-11,11/24/2000
10988,NW,DCA,DTW,227,72,N611NA,1/2/2003 9:20,1/2/2003 10:57,-5,-7,19,6,405,N,N,Thursday,2003-01,1/2/2003
12086,RU,PNS,IAH,2978,101,N14923,8/25/2005 15:05,8/25/2005 17:06,-10,11,12,8,489,N,N,Thursday,2005-08,8/25/2005
88,WN,MCI,PHX,134,157,N617SW,1/19/2004 16:50,1/19/2004 18:36,0,-14,5,4,1044,N,N,Monday,2004-01,1/19/2004
5194,AS,PDX,LAX,462,109,N706AS,2/4/2002 13:43,2/4/2002 15:46,23,10,7,7,834,N,N,Monday,2002-02,2/4/2002
2205,MQ,SJC,SNA,3353,59,N835AE,4/15/2003 19:18,4/15/2003 20:33,-2,-17,11,5,342,N,N,Tuesday,2003-04,4/15/2003
8038,AA,ORD,IAH,793,135,N4XPAA,6/1/2005 14:31,6/1/2005 17:14,-1,-6,23,5,925,N,N,Wednesday,2005-06,6/1/2005
15266,AA,DFW,LGA,708,172,N3ARAA,6/3/2004 8:41,6/3/2004 12:58,-2,-2,22,3,1389,N,N,Thursday,2004-06,6/3/2004
8815,US,PHL,CLT,1034,67,N563US,8/27/2000 8:16,8/27/2000 10:28,-4,29,61,4,447,N,N,Sunday,2000-08,8/27/2000
2971,RU,CLE,DTW,2441,23,N14945,9/12/2003 8:58,9/12/2003 9:42,-7,-3,15,6,95,N,N,Friday,2003-09,9/12/2003
7211,NW,MEM,SFO,263,233,N342NW,6/28/2001 16:57,6/28/2001 19:17,-3,2,19,8,1807,N,N,Thursday,2001-06,6/28/2001
12038,FL,ATL,MDW,24,85,N944AT,10/13/2003 14:28,10/13/2003 15:15,0,-5,18,4,590,N,N,Monday,2003-10,10/13/2003
13056,AA,ORD,RNO,1251,224,N3BMAA,4/12/2001 18:01,4/12/2001 20:17,76,78,26,6,1671,N,N,Thursday,2001-04,4/12/2001
13915,FL,CAK,BOS,206,77,N968AT,8/28/2004 6:56,8/28/2004 8:32,-4,-8,11,8,549,N,N,Friday,2004-08,8/28/2004
3077,WN,HOU,DAL,58,34,N718SW,1/15/2001 20:00,1/15/2001 20:47,0,-8,10,3,239,N,N,Monday,2001-01,1/15/2001
3149,WN,MAF,DAL,208,44,N306SW,5/26/2000 17:12,5/26/2000 18:10,2,0,11,3,319,N,N,Friday,2000-05,5/26/2000
17583,AA,ORD,EGE,2375,126,N5BYAA,3/31/2004 8:33,3/31/2004 10:02,7,-15,18,5,1007,N,N,Wednesday,2004-03,3/31/2004
18956,AA,LAS,DFW,2818,140,N4XGAA,2/21/2003 16:05,2/21/2003 20:45,-5,-3,8,12,1055,N,N,Friday,2003-02,2/21/2003
18340,US,SEA,PHL,104,274,N739UW,3/29/2001 6:46,3/29/2001 14:52,-4,3,15,17,2378,N,N,Wednesday,2001-03,3/29/2001
8118,DL,TPA,FLL,808,39,N667DN,9/6/2000 17:07,9/6/2000 18:07,-3,0,13,8,197,N,N,Wednesday,2000-09,9/6/2000
7492,NW,MEM,MKE,988,76,N501US,10/17/2000 21:10,10/17/2000 22:43,0,-4,12,5,556,N,N,Tuesday,2000-10,10/17/2000
12705,CO,IAH,DTW,688,142,N69311,10/7/2003 7:44,10/7/2003 11:34,-1,2,22,6,1076,N,N,Tuesday,2003-10,10/7/2003
10305,DL,SFO,SLC,1025,85,N308WA,5/23/2004 14:59,5/23/2004 17:51,-1,10,11,16,599,N,N,Sunday,2004-05,5/23/2004
15909,DL,CVG,SAN,343,228,N665DN,9/21/2002 10:52,9/21/2002 12:17,112,106,32,5,1865,N,N,Saturday,2002-09,9/21/2002
2143,WN,MDW,PHX,770,185,N200WN,11/19/2005 15:20,11/19/2005 18:07,0,-13,35,7,1444,N,N,Saturday,2005-11,11/19/2005
19273,CO,LAX,CLE,556,238,N27205,9/11/2005 10:52,9/11/2005 18:09,-3,-4,14,5,2053,N,N,Sunday,2005-09,9/11/2005
19459,WN,SAN,PHX,2765,45,N754SW,12/3/2005 6:40,12/3/2005 8:39,0,-11,9,5,304,N,N,Friday,2005-12,12/3/2005
9403,DL,GSO,ATL,1055,68,N906DE,9/13/2004 7:09,9/13/2004 8:39,-1,10,13,9,306,N,N,Monday,2004-09,9/13/2004
16195,WN,RDU,BWI,107,43,N601WN,12/8/2002 14:50,12/8/2002 15:40,0,-5,5,2,255,N,N,Sunday,2002-12,12/8/2002
17627,FL,DAY,ATL,709,65,N971AT,1/22/2005 18:45,1/22/2005 20:19,-10,-7,22,7,432,N,N,Saturday,2005-01,1/22/2005
5415,WN,TPA,CMH,775,126,N103SW,1/25/2001 19:05,1/25/2001 21:20,0,5,6,3,829,N,N,Thursday,2001-01,1/25/2001
2871,WN,SAN,MDW,1804,210,N733SA,11/15/2002 7:10,11/15/2002 12:55,0,-5,10,5,1728,N,N,Thursday,2002-11,11/15/2002
959,OH,CVG,ORD,4981,51,N809CA,6/14/2005 8:53,6/14/2005 9:03,-2,-7,13,6,264,N,N,Tuesday,2005-06,6/14/2005
4502,UA,LAX,SEA,27,128,N430UA,5/13/2001 15:26,5/13/2001 17:56,-4,-3,15,7,954,N,N,Sunday,2001-05,5/13/2001
610,EV,PHF,ATL,4247,75,N708EV,4/16/2003 7:25,4/16/2003 9:07,0,-10,22,5,508,N,N,Wednesday,2003-04,4/16/2003
2635,CO,EWR,MCO,1592,124,N17104,11/11/2003 8:44,11/11/2003 11:14,-6,-16,23,3,938,N,N,Tuesday,2003-11,11/11/2003
1035,DH,CLE,ORD,7343,57,N633BR,6/25/2004 20:20,6/25/2004 20:58,35,38,35,5,316,N,N,Friday,2004-06,6/25/2004
4543,AA,MLI,STL,3199,49,N4TYAA,10/10/2002 10:33,10/10/2002 11:33,-4,3,4,7,187,N,N,Thursday,2002-10,10/10/2002
7900,NW,MSP,STL,1465,74,N617NW,7/25/2005 15:15,7/25/2005 17:22,-3,26,31,22,449,N,N,Monday,2005-07,7/25/2005
5859,OH,CVG,HSV,5470,52,N781CA,9/26/2004 16:10,9/26/2004 16:17,0,-7,9,6,325,N,N,Sunday,2004-09,9/26/2004
8637,CO,DEN,IAH,34,103,N14242,4/15/2004 11:23,4/15/2004 14:35,-7,-19,12,17,861,N,N,Thursday,2004-04,4/15/2004
1295,DL,ATL,SMF,497,248,N686DA,4/7/2004 8:34,4/7/2004 10:19,3,-30,29,8,2092,N,N,Wednesday,2004-04,4/7/2004
4509,AS,SFO,PDX,213,68,N792AS,2/26/2000 20:36,2/26/2000 22:00,53,38,12,4,550,N,N,Saturday,2000-02,2/26/2000
9732,US,ATL,PHL,190,90,N526AU,5/4/2005 14:39,5/4/2005 16:25,9,-10,12,4,665,N,N,Wednesday,2005-05,5/4/2005
707,DL,FLL,ATL,417,95,N837MH,3/26/2004 14:22,3/26/2004 16:21,2,-4,15,9,581,N,N,Friday,2004-03,3/26/2004
3481,CO,IAH,COS,592,105,N33608,9/16/2002 11:45,9/16/2002 12:56,-5,-15,18,8,809,N,N,Monday,2002-09,9/16/2002
15056,UA,DEN,RNO,1059,112,N537UA,12/18/2000 20:20,12/18/2000 21:35,0,-3,18,5,804,N,N,Monday,2000-12,12/18/2000
12055,AA,LAX,DEN,1458,115,N3BPAA,10/12/2004 11:46,10/12/2004 14:59,-4,-5,13,5,862,N,N,Tuesday,2004-10,10/12/2004
13366,AA,ORD,DFW,2213,103,N476AA,7/10/2000 11:49,7/10/2000 13:52,169,150,14,6,802,N,N,Monday,2000-07,7/10/2000
13330,AA,BOS,DFW,1449,202,N598AA,7/5/2003 11:07,7/5/2003 14:16,-2,11,12,35,1562,N,N,Saturday,2003-07,7/5/2003
9432,UA,DCA,ORD,631,88,N823UA,8/25/2002 19:25,8/25/2002 20:20,-5,-13,11,16,612,N,N,Sunday,2002-08,8/25/2002
9375,CO,OKC,IAH,205,65,N38727,10/11/2004 16:37,10/11/2004 18:04,4,1,16,6,395,N,N,Monday,2004-10,10/11/2004
1480,OO,SBA,SLC,3860,177,N455SW,12/20/2003 13:01,12/20/2003 15:34,11,-2,10,5,615,N,N,Saturday,2003-12,12/20/2003
3846,AA,DFW,DEN,1667,92,N452AA,2/2/2001 14:23,2/2/2001 15:13,-1,-15,10,8,641,N,N,Friday,2001-02,2/2/2001
17550,HP,LAS,PHX,83,47,N661AW,8/11/2004 9:43,8/11/2004 10:44,-5,-19,9,5,256,N,N,Wednesday,2004-08,8/11/2004
4729,WN,SDF,MDW,548,48,N64,5/8/2001 20:00,5/8/2001 20:00,0,0,7,5,271,N,N,Tuesday,2001-05,5/8/2001
14440,DL,STL,ATL,2079,63,N302DL,10/30/2003 16:22,10/30/2003 18:44,-3,-16,10,9,483,N,N,Thursday,2003-10,10/30/2003
10412,CO,SFO,CLE,256,240,N38727,7/14/2001 11:48,7/14/2001 19:01,-2,-23,9,4,2161,N,N,Saturday,2001-07,7/14/2001
11275,CO,IND,EWR,220,97,N12327,7/7/2005 16:57,7/7/2005 20:08,32,34,20,14,644,N,N,Thursday,2005-07,7/7/2005
5590,US,CLT,CMH,182,58,N746UW,12/2/2004 17:54,12/2/2004 19:11,-1,1,15,4,346,N,N,Thursday,2004-12,12/2/2004
14979,MQ,AMA,DFW,3843,51,N836AE,11/25/2002 11:28,11/25/2002 13:01,-9,12,8,34,313,N,N,Monday,2002-11,11/25/2002
11955,UA,ORD,IAH,651,118,N817UA,3/27/2000 15:21,3/27/2000 17:38,7,-8,13,6,925,N,N,Monday,2000-03,3/27/2000
16982,WN,RDU,BWI,2634,43,N427WN,10/17/2005 9:00,10/17/2005 9:57,0,-3,12,2,255,N,N,Monday,2005-10,10/17/2005
12660,DL,SLC,MCI,2110,113,N541DA,2/13/2000 8:50,2/13/2000 12:15,0,2,27,5,919,N,N,Sunday,2000-02,2/13/2000
4719,NW,GRR,MSP,197,68,N361NW,10/14/2002 7:35,10/14/2002 7:56,-5,-11,7,6,408,N,N,Monday,2002-10,10/14/2002
18940,US,BOS,PHL,1139,53,N715UW,6/25/2003 5:22,6/25/2003 6:35,-8,-13,16,4,280,N,N,Tuesday,2003-06,6/25/2003
14853,AS,SEA,SNA,424,127,N624AS,3/29/2001 20:10,3/29/2001 22:35,25,19,15,3,978,N,N,Thursday,2001-03,3/29/2001
4297,WN,ISP,PVD,1326,21,N730SW,12/19/2001 19:10,12/19/2001 19:37,0,-13,4,2,108,N,N,Wednesday,2001-12,12/19/2001
7064,AA,ORD,PHX,503,196,N466AA,10/30/2001 20:40,10/30/2001 23:22,-3,-7,19,7,1440,N,N,Tuesday,2001-10,10/30/2001
9518,US,CLT,PBI,951,84,N437US,12/17/2002 18:24,12/17/2002 20:16,4,-1,24,4,590,N,N,Tuesday,2002-12,12/17/2002
6787,EV,ATL,CHA,4371,27,N531AS,1/19/2004 14:46,1/19/2004 15:23,0,-18,8,2,106,N,N,Monday,2004-01,1/19/2004
7269,WN,MDW,LAS,1651,205,N495WN,12/7/2005 12:55,12/7/2005 14:35,0,-25,5,10,1521,N,N,Wednesday,2005-12,12/7/2005
10918,NW,IND,MEM,1769,66,N912RW,1/12/2001 11:26,1/12/2001 11:46,-4,-6,11,3,381,N,N,Friday,2001-01,1/12/2001
17675,US,PHL,PBI,763,139,N429US,12/24/2000 14:44,12/24/2000 17:18,14,9,10,5,951,N,N,Sunday,2000-12,12/24/2000
5606,AS,SMF,SEA,349,74,N981AS,6/7/2000 15:22,6/7/2000 16:50,24,9,9,5,605,N,N,Wednesday,2000-06,6/7/2000
2547,AS,SEA,ONT,448,121,N972AS,3/13/2001 17:42,3/13/2001 19:55,8,-2,10,2,956,N,N,Tuesday,2001-03,3/13/2001
5697,RU,CLE,GRR,2322,41,N14960,10/6/2004 9:04,10/6/2004 10:51,-6,37,63,3,214,N,N,Wednesday,2004-10,10/6/2004
5971,CO,MCO,EWR,178,126,N14102,2/1/2000 17:58,2/1/2000 20:26,-2,-3,13,9,938,N,N,Tuesday,2000-02,2/1/2000
15195,NW,IND,MEM,1769,66,N621NW,1/23/2001 11:27,1/23/2001 11:52,-3,0,16,3,381,N,N,Tuesday,2001-01,1/23/2001
8886,OO,FAT,LAX,6082,151,N298SW,4/13/2003 8:48,4/13/2003 9:56,0,-2,7,9,209,N,N,Sunday,2003-04,4/13/2003
8536,HP,PHX,SEA,79,163,N642AW,2/28/2002 8:53,2/28/2002 10:58,23,30,16,6,1107,N,N,Thursday,2002-02,2/28/2002
15502,US,CLT,TPA,805,78,N782AU,9/21/2004 8:09,9/21/2004 9:39,-6,-15,10,2,508,N,N,Tuesday,2004-09,9/21/2004
8990,WN,MDW,RDU,1108,85,N617SW,6/4/2000 12:15,6/4/2000 14:55,0,-5,10,5,632,N,N,Sunday,2000-06,6/4/2000
14027,B6,JFK,BUR,293,152,N548JB,6/9/2005 18:17,6/9/2005 22:12,-8,32,81,2,2465,N,N,Thursday,2005-06,6/9/2005
18728,DL,MCO,ATL,1294,65,N127DL,8/23/2004 11:56,8/23/2004 13:43,0,23,34,8,403,N,N,Monday,2004-08,8/23/2004
15738,AA,ORD,XNA,825,75,N2DHAA,7/27/2002 8:24,7/27/2002 9:59,-3,-14,16,4,522,N,N,Saturday,2002-07,7/27/2002
1267,AA,DFW,ELP,322,76,N457AA,11/3/2001 22:58,11/3/2001 23:29,130,114,13,2,551,N,N,Saturday,2001-11,11/3/2001
5423,AA,BOS,SJC,293,357,N5BPAA,7/20/2001 9:21,7/20/2001 12:40,-4,-8,16,6,2689,N,N,Friday,2001-07,7/20/2001
17455,TW,SJU,JFK,11,201,N714P,6/21/2001 10:00,6/21/2001 13:39,-5,-16,13,5,1597,N,N,Thursday,2001-06,6/21/2001
19283,US,PHL,CLT,418,73,N730UW,6/9/2001 15:52,6/9/2001 17:24,-3,-10,11,8,447,N,N,Saturday,2001-06,6/9/2001
7051,RU,EWR,OMA,3274,161,N12136,6/10/2005 14:41,6/10/2005 18:00,51,126,93,5,1133,N,N,Friday,2005-06,6/10/2005
12467,UA,IAD,MCO,1281,106,N489UA,6/4/2003 8:45,6/4/2003 10:55,-5,4,20,4,758,N,N,Wednesday,2003-06,6/4/2003
12195,NW,DTW,ANC,851,374,N550NW,8/10/2002 19:21,8/10/2002 21:59,6,-6,19,5,2986,N,N,Saturday,2002-08,8/10/2002
4722,AA,ATL,DFW,593,122,N542AA,1/29/2004 7:24,1/29/2004 8:54,-5,-1,15,13,732,N,N,Wednesday,2004-01,1/29/2004
871,OO,DEN,RAP,6292,80,N566SW,10/29/2004 15:35,10/29/2004 17:13,-10,9,15,3,301,N,N,Friday,2004-10,10/29/2004
9507,AA,MIA,PHL,1350,136,N5EKAA,9/4/2001 19:54,9/4/2001 22:52,34,32,31,11,1013,N,N,Tuesday,2001-09,9/4/2001
15586,AS,CDV,ANC,61,35,N740AS,6/17/2002 12:38,6/17/2002 13:22,-5,-6,5,4,160,N,N,Monday,2002-06,6/17/2002
293,EV,PFN,ATL,4278,63,N640AS,10/25/2004 7:10,10/25/2004 9:25,0,-4,5,7,247,N,N,Monday,2004-10,10/25/2004
18050,TW,STL,DSM,629,42,N9681B,10/20/2000 17:17,10/20/2000 18:38,-3,6,32,7,260,N,N,Friday,2000-10,10/20/2000
9957,DH,PVD,IAD,7081,80,N639BR,1/23/2003 14:37,1/23/2003 16:08,-3,-12,7,4,372,N,N,Thursday,2003-01,1/23/2003
7544,DL,SLC,FLL,1549,240,N395DN,11/6/2005 10:03,11/6/2005 16:31,3,-9,24,4,2083,N,N,Sunday,2005-11,11/6/2005
14182,HP,MSY,PHX,290,192,N810AW,6/2/2005 7:57,6/2/2005 9:36,-4,13,9,18,1301,N,N,Thursday,2005-06,6/2/2005
11465,AS,LAS,PDX,601,121,N960AS,1/13/2005 21:37,1/13/2005 0:14,0,18,27,9,762,N,N,Thursday,2005-01,1/13/2005
17635,DL,SLC,IAD,580,225,N6711M,1/2/2003 10:11,1/2/2003 16:31,1,24,27,8,1827,N,N,Thursday,2003-01,1/2/2003
5099,DL,ATL,ORF,780,72,N957DL,9/16/2005 11:55,9/16/2005 13:39,-1,14,29,3,516,N,N,Friday,2005-09,9/16/2005
8360,DL,BTR,ATL,1784,73,N302DL,5/10/2004 13:23,5/10/2004 15:55,1,7,10,9,449,N,N,Monday,2004-05,5/10/2004
2053,NW,DFW,DTW,698,136,N9335,6/16/2000 9:13,6/16/2000 12:56,-2,-5,16,11,987,N,N,Friday,2000-06,6/16/2000
5515,WN,MDW,PHX,1582,201,N701GS,6/29/2005 19:38,6/29/2005 21:10,18,10,6,5,1444,N,N,Wednesday,2005-06,6/29/2005
4148,AA,DFW,ORD,2368,114,N581AA,4/1/2005 18:54,4/1/2005 21:04,54,43,10,6,802,N,N,Friday,2005-04,4/1/2005
2950,WN,MDW,CMH,1132,46,N787SA,12/14/2005 17:29,12/14/2005 19:24,9,-1,6,3,284,N,N,Wednesday,2005-12,12/14/2005
16829,AA,LGA,DFW,773,233,N530AA,1/17/2001 16:42,1/17/2001 20:16,0,13,29,12,1389,N,N,Wednesday,2001-01,1/17/2001
5627,CO,IND,IAH,401,118,N39343,6/25/2005 5:55,6/25/2005 8:13,-5,-15,12,8,845,N,N,Friday,2005-06,6/25/2005
19770,HA,HNL,KOA,308,25,N485HA,9/21/2004 18:03,9/21/2004 18:38,-7,-15,7,3,163,N,N,Tuesday,2004-09,9/21/2004
1878,MQ,LBB,DFW,3838,44,N645AE,5/2/2002 19:40,5/2/2002 20:34,55,41,4,6,282,N,N,Thursday,2002-05,5/2/2002
18882,UA,BIL,DEN,1176,66,N308UA,11/27/2004 7:55,11/27/2004 9:25,0,6,19,5,455,N,N,Friday,2004-11,11/27/2004
1358,DH,ALB,IAD,1560,74,N662BR,7/24/2005 14:21,7/24/2005 16:20,0,28,41,3,325,N,N,Sunday,2005-07,7/24/2005
13355,CO,MCI,IAH,609,100,N70353,2/5/2001 10:27,2/5/2001 12:21,-2,-9,10,4,643,N,N,Monday,2001-02,2/5/2001
15102,AA,ORD,SNA,1409,249,N3ACAA,11/13/2003 20:17,11/13/2003 22:49,0,14,16,7,1726,N,N,Thursday,2003-11,11/13/2003
13109,MQ,ORD,DBQ,4332,27,N834AE,6/2/2005 8:22,6/2/2005 9:13,-7,-8,20,4,147,N,N,Thursday,2005-06,6/2/2005
16245,WN,SAN,SJC,160,62,N646SW,7/27/2002 18:00,7/27/2002 19:13,0,-7,9,2,417,N,N,Saturday,2002-07,7/27/2002
9868,AS,SEA,BUR,472,122,N713AS,7/18/2002 18:11,7/18/2002 20:28,15,8,11,4,937,N,N,Thursday,2002-07,7/18/2002
888,OO,BZN,DEN,6808,179,N905SW,11/21/2003 15:55,11/21/2003 17:37,0,18,17,5,525,N,N,Friday,2003-11,11/21/2003
2654,DL,SLC,MCI,1802,109,N311WA,3/15/2002 14:25,3/15/2002 17:39,-5,-7,17,8,919,N,N,Friday,2002-03,3/15/2002
15547,AA,AUS,ORD,2010,133,N444AA,4/16/2002 16:02,4/16/2002 18:27,14,3,7,5,972,N,N,Tuesday,2002-04,4/16/2002
10048,AA,SAN,DFW,1250,149,N447AA,9/13/2003 14:11,9/13/2003 19:04,-7,-3,16,8,1171,N,N,Saturday,2003-09,9/13/2003
17855,TW,SDF,STL,559,49,N9402W,2/20/2000 15:59,2/20/2000 16:10,-1,-2,4,18,254,N,N,Sunday,2000-02,2/20/2000
3509,US,PHL,BOS,2111,49,N523AU,1/12/2000 11:28,1/12/2000 12:37,-2,-3,11,9,280,N,N,Wednesday,2000-01,1/12/2000
15895,MQ,CMH,ORD,4138,0,UNKNOW,3/22/2002 0:00,3/22/2002 0:00,0,0,0,0,296,Y,N,Thursday,2002-03,3/22/2002
11638,WN,PDX,MCI,108,194,N670SW,5/6/2005 9:45,5/6/2005 15:10,0,5,9,2,1481,N,N,Friday,2005-05,5/6/2005
8154,WN,PHL,FLL,730,142,N486WN,5/27/2005 13:45,5/27/2005 16:19,0,-31,10,2,992,N,N,Friday,2005-05,5/27/2005
5300,AA,LGA,ORD,345,114,N295AA,8/6/2002 16:55,8/6/2002 18:33,-5,-6,29,15,733,N,N,Tuesday,2002-08,8/6/2002
18936,RU,EWR,OMA,2199,154,N18120,12/14/2004 18:56,12/14/2004 21:03,1,-10,29,4,1133,N,N,Tuesday,2004-12,12/14/2004
6164,OO,SLC,ABQ,3895,167,N594SW,3/15/2003 14:15,3/15/2003 15:39,0,0,10,6,493,N,N,Saturday,2003-03,3/15/2003
9006,AA,PVD,ORD,867,130,N513AA,4/13/2002 9:36,4/13/2002 11:17,-4,5,8,23,849,N,N,Saturday,2002-04,4/13/2002
6119,US,CLT,LGA,516,81,N433US,1/16/2001 7:56,1/16/2001 9:42,-4,-17,15,10,543,N,N,Monday,2001-01,1/16/2001
18520,CO,LAS,IAH,1206,154,N29129,4/11/2002 6:54,4/11/2002 11:58,-1,8,21,9,1222,N,N,Wednesday,2002-04,4/11/2002
11699,EV,GNV,ATL,4869,87,N632AS,3/29/2004 18:10,3/29/2004 19:57,-5,-1,15,5,300,N,N,Monday,2004-03,3/29/2004
16782,DL,BHM,ATL,2140,32,N925DL,8/5/2000 10:23,8/5/2000 12:20,-7,-4,12,13,134,N,N,Saturday,2000-08,8/5/2000
9673,RU,STL,CLE,2162,85,N48901,7/12/2004 7:48,7/12/2004 10:29,3,1,11,5,487,N,N,Monday,2004-07,7/12/2004
5268,US,PIT,DTW,2181,38,N861US,10/12/2001 14:00,10/12/2001 14:54,0,-13,10,6,201,N,N,Friday,2001-10,10/12/2001
12849,CO,EWR,DFW,1129,207,N17640,1/11/2000 15:43,1/11/2000 18:34,-2,-2,19,5,1372,N,N,Tuesday,2000-01,1/11/2000
8009,US,CLT,MDT,286,61,N439US,1/30/2004 20:08,1/30/2004 21:33,-7,-14,20,4,412,N,N,Friday,2004-01,1/30/2004
7980,OH,ORF,JFK,5049,50,N470CA,6/3/2004 15:30,6/3/2004 16:45,5,2,20,5,289,N,N,Thursday,2004-06,6/3/2004
13852,UA,LAX,PHL,96,257,N816UA,11/5/2003 13:02,11/5/2003 20:51,-3,-13,22,10,2401,N,N,Wednesday,2003-11,11/5/2003
989,EV,SLC,STL,4817,0,N706EV,10/4/2005 20:45,1/1/1900 0:00,80,63,14,1449,1156,N,N,Tuesday,2005-10,10/4/2005
15594,UA,ATL,ORD,735,88,N350UA,2/23/2000 13:44,2/23/2000 14:39,6,1,21,6,606,N,N,Wednesday,2000-02,2/23/2000
17138,EV,CAK,ATL,4195,77,N760EV,7/14/2005 10:57,7/14/2005 12:45,43,48,10,21,528,N,N,Thursday,2005-07,7/14/2005
6374,UA,ORD,BOS,526,102,N583UA,5/30/2004 8:59,5/30/2004 12:07,-1,-9,23,3,867,N,N,Sunday,2004-05,5/30/2004
11779,UA,DEN,DFW,1598,88,N398UA,6/29/2003 7:56,6/29/2003 10:44,-4,-4,13,7,641,N,N,Sunday,2003-06,6/29/2003
15113,TW,STL,LGA,468,124,N984TW,7/27/2001 7:28,7/27/2001 10:56,5,6,19,5,887,N,N,Friday,2001-07,7/27/2001
18688,EV,DFW,BTR,4610,51,N862AS,2/18/2003 13:23,2/18/2003 14:37,-2,-15,20,3,383,N,N,Tuesday,2003-02,2/18/2003
13685,UA,SFO,DEN,1216,114,N595UA,3/8/2003 7:43,3/8/2003 11:11,-2,-1,13,21,967,N,N,Friday,2003-03,3/8/2003
13712,WN,HOU,BNA,2031,95,N689SW,11/18/2004 9:40,11/18/2004 11:30,0,5,10,5,670,N,N,Thursday,2004-11,11/18/2004
19447,WN,SJC,SAN,263,63,N502SW,6/17/2000 8:30,6/17/2000 9:44,5,-1,9,2,417,N,N,Saturday,2000-06,6/17/2000
1588,DL,MSY,CVG,1662,101,N924DL,9/1/2004 18:44,9/1/2004 21:42,-6,-10,10,7,700,N,N,Wednesday,2004-09,9/1/2004
3095,WN,SJC,LAS,1201,67,N521SW,9/18/2000 16:30,9/18/2000 17:55,10,20,10,8,386,N,N,Monday,2000-09,9/18/2000
6153,AA,MIA,TPA,726,37,N849AA,2/2/2000 7:12,2/2/2000 8:12,2,2,19,4,204,N,N,Tuesday,2000-02,2/2/2000
6043,CO,ORD,IAH,547,151,N71828,5/16/2003 13:57,5/16/2003 16:45,-3,9,9,8,925,N,N,Friday,2003-05,5/16/2003
12545,MQ,FSM,DFW,3680,41,N646AE,2/13/2005 7:45,2/13/2005 8:58,-4,3,12,20,227,N,N,Saturday,2005-02,2/13/2005
11833,WN,BWI,ISP,136,39,N403WN,6/4/2001 11:50,6/4/2001 12:40,0,-5,8,3,220,N,N,Monday,2001-06,6/4/2001
3105,UA,DTW,ORD,559,41,N337UA,5/8/2005 13:43,5/8/2005 13:56,-3,-9,25,7,235,N,N,Sunday,2005-05,5/8/2005
3443,WN,MDW,SDF,634,52,N526SW,6/26/2005 17:20,6/26/2005 19:21,0,-9,5,4,271,N,N,Sunday,2005-06,6/26/2005
433,WN,ELP,AUS,2441,65,N677AA,5/26/2002 14:30,5/26/2002 16:55,0,0,15,5,525,N,N,Sunday,2002-05,5/26/2002
6554,WN,MCI,RDU,382,110,N764SW,4/17/2001 17:50,4/17/2001 20:48,0,-17,5,3,904,N,N,Tuesday,2001-04,4/17/2001
14748,AA,ORD,SFO,1963,230,N3BSAA,1/4/2001 21:18,1/4/2001 23:34,43,9,23,3,1846,N,N,Thursday,2001-01,1/4/2001
16366,DL,ATL,SLC,2002,210,N178DZ,11/20/2003 8:12,11/20/2003 10:13,-3,-4,20,11,1589,N,N,Thursday,2003-11,11/20/2003
14907,UA,PHX,ORD,1778,185,N329UA,8/15/2002 18:05,8/15/2002 23:34,30,36,19,5,1440,N,N,Thursday,2002-08,8/15/2002
2222,AA,ORD,SEA,1081,236,N596AA,7/7/2001 13:07,7/7/2001 15:39,82,81,28,8,1721,N,N,Saturday,2001-07,7/7/2001
2211,US,BUF,PIT,1406,43,N440US,11/10/2001 12:20,11/10/2001 13:17,5,2,8,6,186,N,N,Saturday,2001-11,11/10/2001
639,US,RDU,CLT,412,30,N966VJ,7/19/2000 10:10,7/19/2000 11:00,-5,-3,16,4,130,N,N,Wednesday,2000-07,7/19/2000
16273,AA,MIA,BOS,882,141,N060AA,12/24/2000 19:23,12/24/2000 22:11,-2,-32,24,3,1258,N,N,Sunday,2000-12,12/24/2000
8097,DL,DFW,LAX,2149,162,N173DZ,9/27/2000 21:01,9/27/2000 22:22,6,10,22,17,1235,N,N,Wednesday,2000-09,9/27/2000
11248,DL,MIA,ATL,417,89,N121DE,12/13/2002 18:27,12/13/2002 20:21,152,151,18,7,595,N,N,Friday,2002-12,12/13/2002
7031,AA,DFW,IAH,1540,40,N479AA,5/29/2004 15:25,5/29/2004 16:30,1,2,13,12,224,N,N,Saturday,2004-05,5/29/2004
18084,HP,PHX,ONT,644,59,N824AW,1/28/2005 17:33,1/28/2005 17:52,3,9,16,4,325,N,N,Friday,2005-01,1/28/2005
4102,UA,ORD,SFO,155,232,N549UA,8/5/2002 16:11,8/5/2002 18:38,11,8,32,3,1846,N,N,Monday,2002-08,8/5/2002
12030,CO,ONT,IAH,1492,186,N15820,4/10/2003 12:41,4/10/2003 18:01,1,12,8,6,1334,N,N,Thursday,2003-04,4/10/2003
17021,UA,LGA,ORD,699,111,N317UA,10/31/2001 5:59,10/31/2001 7:06,-1,-12,13,3,733,N,N,Tuesday,2001-10,10/31/2001
2799,DL,ONT,SLC,1172,0,N901DA,10/25/2003 0:00,10/25/2003 0:00,0,0,0,0,558,Y,N,Friday,2003-10,10/25/2003
1656,AA,MIA,SJU,495,122,N717AA,1/21/2000 7:13,1/21/2000 10:54,-2,14,28,11,1045,N,N,Thursday,2000-01,1/21/2000
7811,MQ,LAX,SAN,3213,31,N261AE,6/23/2003 15:56,6/23/2003 16:53,-4,-3,19,7,109,N,N,Monday,2003-06,6/23/2003
3052,DL,CLT,ATL,868,48,N968DL,1/23/2003 12:37,1/23/2003 13:52,32,33,22,5,227,N,N,Thursday,2003-01,1/23/2003
5626,TW,STL,OMA,455,58,N958U,10/1/2000 22:29,10/1/2000 23:38,-1,-5,8,3,342,N,N,Sunday,2000-10,10/1/2000
13661,UA,LAX,ORD,122,213,N409UA,6/4/2004 15:57,6/4/2004 21:46,-3,-8,9,7,1745,N,N,Friday,2004-06,6/4/2004
6032,WN,FLL,MCO,993,30,N373SW,10/23/2004 14:10,10/23/2004 14:59,10,4,15,4,178,N,N,Saturday,2004-10,10/23/2004
17426,AA,DFW,PHL,2086,166,N5CPAA,1/31/2000 14:53,1/31/2000 19:03,47,39,13,11,1302,N,N,Monday,2000-01,1/31/2000
12904,EV,ATL,CSG,4203,24,N531AS,5/5/2003 19:45,5/5/2003 20:45,30,50,33,3,83,N,N,Monday,2003-05,5/5/2003
2093,AA,STL,LAX,711,202,N4WHAA,7/24/2005 12:02,7/24/2005 13:39,-1,-14,12,3,1593,N,N,Sunday,2005-07,7/24/2005
8639,DL,RSW,ATL,1686,91,N136DL,5/4/2001 12:51,5/4/2001 14:47,1,5,17,8,515,N,N,Friday,2001-05,5/4/2001
18536,MQ,SHV,DFW,3962,39,N639AE,4/10/2003 9:23,4/10/2003 10:10,-7,-21,3,5,190,N,N,Thursday,2003-04,4/10/2003
14594,WN,SAT,RDU,532,135,N416WN,9/23/2002 12:50,9/23/2002 16:15,0,-30,5,5,1225,N,N,Monday,2002-09,9/23/2002
19232,WN,BNA,LAX,1112,235,N729SW,3/6/2005 11:30,3/6/2005 13:50,15,0,15,10,1797,N,N,Sunday,2005-03,3/6/2005
4139,NW,PDX,MSP,590,178,N524US,12/12/2002 12:02,12/12/2002 17:34,-8,7,14,20,1426,N,N,Thursday,2002-12,12/12/2002
14601,UA,ORD,MSP,1107,0,UNKNOW,8/6/2000 0:00,8/6/2000 0:00,0,0,0,0,334,Y,N,Saturday,2000-08,8/6/2000
2250,AA,MIA,SFO,1539,320,N391AA,12/26/2000 13:38,12/26/2000 16:24,-2,-39,19,7,2585,N,N,Tuesday,2000-12,12/26/2000
2790,US,PIT,LAS,607,248,N762UW,5/11/2001 11:43,5/11/2001 13:14,-2,-14,15,8,1910,N,N,Friday,2001-05,5/11/2001
895,CO,LAX,EWR,1803,265,N17139,2/25/2003 21:51,2/25/2003 5:46,-4,-3,18,12,2454,N,N,Tuesday,2003-02,2/25/2003
11887,RU,CMH,EWR,2291,83,N16911,5/24/2005 9:15,5/24/2005 10:55,-10,-4,9,8,462,N,N,Tuesday,2005-05,5/24/2005
19254,WN,LAX,SMF,1079,65,N761RR,8/19/2004 11:00,8/19/2004 12:20,0,5,10,5,373,N,N,Thursday,2004-08,8/19/2004
19102,AA,ORD,DTW,83,52,N2CKAA,5/7/2002 19:34,5/7/2002 21:58,-5,4,26,6,235,N,N,Tuesday,2002-05,5/7/2002
6337,US,BOS,LGA,6833,37,N105UW,2/6/2002 20:54,2/6/2002 21:49,-6,-25,12,6,185,N,N,Wednesday,2002-02,2/6/2002
3270,US,TPA,DCA,68,109,N721UW,12/14/2005 11:44,12/14/2005 13:47,9,7,9,5,814,N,N,Wednesday,2005-12,12/14/2005
10966,WN,BWI,RDU,613,43,N324SW,5/9/2003 21:27,5/9/2003 22:22,7,2,10,2,255,N,N,Friday,2003-05,5/9/2003
1069,CO,RDU,IAH,1883,181,N33637,1/10/2000 6:44,1/10/2000 9:05,-1,24,15,5,1043,N,N,Sunday,2000-01,1/10/2000
17786,WN,TPA,ABQ,931,195,N714CB,6/10/2000 7:35,6/10/2000 9:00,0,-30,7,3,1497,N,N,Saturday,2000-06,6/10/2000
4672,AA,MCI,DFW,1981,69,N538AA,7/2/2001 18:09,7/2/2001 19:34,-1,-21,7,9,460,N,N,Monday,2001-07,7/2/2001
466,WN,CLE,BWI,178,53,N93SW,6/7/2001 18:55,6/7/2001 20:02,45,42,12,2,314,N,N,Thursday,2001-06,6/7/2001
10108,WN,PHX,ELP,937,50,N508SW,10/10/2003 19:37,10/10/2003 21:50,17,25,21,2,347,N,N,Friday,2003-10,10/10/2003
16175,UA,ORD,SFO,129,229,N670UA,2/10/2002 16:44,2/10/2002 18:51,0,-26,11,7,1846,N,N,Sunday,2002-02,2/10/2002
6362,MQ,ILE,DFW,3326,39,N384AE,7/8/2004 10:10,7/8/2004 11:10,-3,-4,8,13,130,N,N,Thursday,2004-07,7/8/2004
10123,AA,DEN,DFW,1244,79,N3BMAA,6/7/2003 7:38,6/7/2003 10:17,-7,-14,8,12,641,N,N,Saturday,2003-06,6/7/2003
12943,DL,ATL,BOS,934,122,N695DA,3/24/2001 6:43,3/24/2001 9:09,3,6,14,10,946,N,N,Friday,2001-03,3/24/2001
16511,MQ,DFW,ILE,3411,36,N371MQ,2/20/2004 11:49,2/20/2004 12:50,-7,-10,21,4,130,N,N,Friday,2004-02,2/20/2004
2301,CO,IAH,ABQ,1019,100,N19357,1/13/2003 12:14,1/13/2003 13:17,-6,-16,17,6,744,N,N,Monday,2003-01,1/13/2003
18872,US,ALB,PIT,495,57,N955VJ,10/22/2000 15:35,10/22/2000 16:44,-5,-15,7,5,367,N,N,Sunday,2000-10,10/22/2000
8042,EV,ATL,PFN,4128,63,N640AS,7/5/2005 19:15,7/5/2005 19:56,35,49,35,3,247,N,N,Tuesday,2005-07,7/5/2005
9405,AA,PHX,ORD,368,170,N488AA,9/1/2001 6:56,9/1/2001 12:03,-4,-27,9,8,1440,N,N,Friday,2001-08,9/1/2001
5505,NW,MKE,DTW,1724,45,N750NW,6/12/2005 13:42,6/12/2005 15:44,-5,-15,9,8,238,N,N,Sunday,2005-06,6/12/2005
15621,DL,ATL,SJU,1695,186,N631DL,8/3/2004 17:45,8/3/2004 21:32,2,12,35,6,1547,N,N,Tuesday,2004-08,8/3/2004
10823,UA,DEN,SNA,403,113,N417UA,7/5/2004 11:22,7/5/2004 12:45,-8,1,24,6,846,N,N,Monday,2004-07,7/5/2004
5550,WN,PHX,LAX,1835,60,N604SW,1/17/2004 10:30,1/17/2004 10:55,0,-10,20,5,370,N,N,Saturday,2004-01,1/17/2004
420,OH,MCO,GSO,5192,75,N999CA,4/17/2005 21:30,4/17/2005 23:08,-15,-20,15,8,534,N,N,Sunday,2005-04,4/17/2005
11156,MQ,BOS,LGA,4739,43,N708AE,11/19/2002 13:50,11/19/2002 15:27,-10,12,12,42,185,N,N,Tuesday,2002-11,11/19/2002
19878,AA,SAT,DFW,1694,46,N444AA,6/29/2002 7:17,6/29/2002 8:23,12,8,7,13,247,N,N,Saturday,2002-06,6/29/2002
10083,US,ORF,CLT,1148,55,N391US,1/24/2004 7:57,1/24/2004 9:07,-3,-19,10,5,289,N,N,Friday,2004-01,1/24/2004
6090,DH,IAD,CMH,1491,47,N673BR,8/23/2004 11:50,8/23/2004 12:46,-10,-27,6,2,299,N,N,Monday,2004-08,8/23/2004
15940,UA,DFW,DEN,1245,99,N945UA,4/14/2001 20:00,4/14/2001 20:51,-5,-6,8,4,641,N,N,Saturday,2001-04,4/14/2001
1225,EV,LFT,ATL,4499,113,N849AS,5/20/2003 5:40,5/20/2003 8:58,-5,33,12,13,503,N,N,Monday,2003-05,5/20/2003
15798,MQ,SJC,LAX,3396,52,N825AE,1/23/2003 9:34,1/23/2003 10:46,24,11,15,5,308,N,N,Thursday,2003-01,1/23/2003
8877,MQ,ORD,CVG,4093,53,N845AE,5/20/2005 17:43,5/20/2005 19:47,-2,-16,9,2,264,N,N,Friday,2005-05,5/20/2005
15162,RU,IAH,XNA,2574,63,N16520,12/31/2005 16:17,12/31/2005 17:47,-3,-4,20,7,438,N,N,Saturday,2005-12,12/31/2005
4955,AS,SIT,JNU,73,24,N799AS,2/23/2000 5:57,2/23/2000 6:35,-3,-3,10,4,95,N,N,Tuesday,2000-02,2/23/2000
11291,HP,PHX,IAH,277,125,N654AW,4/20/2003 17:42,4/20/2003 22:10,-2,-4,16,7,1009,N,N,Sunday,2003-04,4/20/2003
19531,HP,CMH,LAS,774,221,N819AW,8/27/2003 9:22,8/27/2003 10:15,-3,-16,8,4,1772,N,N,Wednesday,2003-08,8/27/2003
10216,WN,BWI,IND,1830,79,N745SW,3/25/2004 10:40,3/25/2004 12:10,0,-20,5,6,515,N,N,Thursday,2004-03,3/25/2004
7062,AA,ORD,SJU,1554,251,N5BRAA,12/1/2000 14:10,12/1/2000 20:47,30,38,21,5,2072,N,N,Friday,2000-12,12/1/2000
11270,RU,EWR,LEX,2018,88,N36915,9/7/2004 16:11,9/7/2004 18:09,21,9,26,4,588,N,N,Tuesday,2004-09,9/7/2004
8956,HP,PHX,SJC,280,92,N629AW,2/6/2005 11:05,2/6/2005 11:57,0,-3,15,5,621,N,N,Sunday,2005-02,2/6/2005
575,NW,VPS,MEM,663,62,N958N,12/1/2000 10:33,12/1/2000 11:50,-7,-15,9,6,369,N,N,Friday,2000-12,12/1/2000
7627,WN,OKC,MCI,1962,54,N363SW,9/14/2004 17:34,9/14/2004 18:40,4,10,10,2,313,N,N,Tuesday,2004-09,9/14/2004
10076,OO,RAP,DEN,6291,174,N196SW,2/17/2004 12:55,2/17/2004 14:28,0,9,5,13,301,N,N,Tuesday,2004-02,2/17/2004
17462,DL,ORF,ATL,273,78,N664DN,7/2/2005 10:02,7/2/2005 11:38,132,118,11,7,516,N,N,Saturday,2005-07,7/2/2005
3764,TW,STL,CMH,358,64,N986Z,8/12/2000 9:58,8/12/2000 12:25,-2,6,19,4,410,N,N,Saturday,2000-08,8/12/2000
7125,UA,SFO,SNA,179,63,N518UA,5/14/2003 20:10,5/14/2003 21:36,0,-1,18,5,372,N,N,Wednesday,2003-05,5/14/2003
4621,US,DCA,BOS,2022,59,N526AU,5/19/2004 7:25,5/19/2004 8:38,-5,-16,10,4,399,N,N,Wednesday,2004-05,5/19/2004
8914,CO,EWR,JAX,1005,114,N27610,3/18/2004 9:04,3/18/2004 11:56,-6,8,54,4,821,N,N,Thursday,2004-03,3/18/2004
7881,EV,CVG,CAE,4471,0,N920EV,10/26/2005 22:55,1/1/1900 0:00,0,2,16,1441,404,N,N,Wednesday,2005-10,10/26/2005
17368,WN,MDW,STL,1083,42,N515SW,3/25/2003 6:00,3/25/2003 6:50,0,-20,5,3,251,N,N,Monday,2003-03,3/25/2003
9121,AA,MIA,JFK,1600,137,N055AA,8/28/2002 17:11,8/28/2002 20:13,6,1,32,13,1090,N,N,Wednesday,2002-08,8/28/2002
13384,AA,STL,MSY,2683,80,N4TYAA,8/24/2002 9:17,8/24/2002 11:08,-3,-5,29,2,604,N,N,Saturday,2002-08,8/24/2002
17427,AS,PDX,SJC,506,103,N609AS,4/4/2000 7:29,4/4/2000 9:28,-1,13,11,5,569,N,N,Tuesday,2000-04,4/4/2000
4183,OH,ATL,AVP,5334,93,N811CA,6/19/2004 16:21,6/19/2004 18:19,16,0,19,6,714,N,N,Saturday,2004-06,6/19/2004
16527,AA,DFW,PHX,1273,114,N554AA,7/27/2001 9:55,7/27/2001 10:18,32,29,24,5,868,N,N,Friday,2001-07,7/27/2001
4526,AA,HDN,DFW,2228,106,N630AA,2/27/2004 14:07,2/27/2004 17:18,0,4,12,13,769,N,N,Friday,2004-02,2/27/2004
3435,DL,TPA,LAX,2487,289,N639DL,1/19/2004 18:35,1/19/2004 20:41,-3,-10,10,7,2158,N,N,Monday,2004-01,1/19/2004
10714,TW,IND,STL,53,54,N959U,4/3/2001 15:15,4/3/2001 16:26,0,1,10,7,229,N,N,Tuesday,2001-04,4/3/2001
2535,US,PHL,BUF,1276,52,N428US,12/26/2003 13:49,12/26/2003 15:08,-1,-3,24,3,279,N,N,Friday,2003-12,12/26/2003
4663,WN,MCO,BUF,483,120,N746SW,10/14/2001 10:25,10/14/2001 12:34,0,-31,7,2,1011,N,N,Sunday,2001-10,10/14/2001
17628,MQ,DCA,RDU,4635,44,N725AE,5/20/2005 17:24,5/20/2005 18:35,-5,0,22,5,227,N,N,Friday,2005-05,5/20/2005
15381,OO,DEN,FSD,6700,65,N973SW,11/17/2004 12:16,11/17/2004 14:37,-4,-12,12,4,483,N,N,Wednesday,2004-11,11/17/2004
1210,CO,IAH,SLC,1669,159,N15841,6/6/2001 9:58,6/6/2001 12:02,3,1,16,9,1195,N,N,Wednesday,2001-06,6/6/2001
2850,NW,DEN,DTW,1648,137,N320US,8/21/2001 17:06,8/21/2001 21:48,-4,-14,16,9,1123,N,N,Tuesday,2001-08,8/21/2001
19194,NW,DTW,CLE,1519,22,N8913E,2/22/2000 9:03,2/22/2000 9:39,8,-4,9,5,95,N,N,Tuesday,2000-02,2/22/2000
15148,DL,BHM,ATL,2082,26,N947DL,2/25/2003 15:33,2/25/2003 17:23,-2,-9,13,11,134,N,N,Tuesday,2003-02,2/25/2003
8911,MQ,DFW,CID,3953,91,N640AE,11/11/2001 19:45,11/11/2001 21:46,17,15,26,4,685,N,N,Sunday,2001-11,11/11/2001
8165,RU,EWR,MCI,2853,163,N18114,10/25/2003 9:10,10/25/2003 11:14,-5,-3,16,5,1092,N,N,Saturday,2003-10,10/25/2003
16350,RU,EWR,CLT,2240,83,N13908,3/8/2004 20:35,3/8/2004 22:17,90,69,16,3,528,N,N,Monday,2004-03,3/8/2004
12633,DH,IND,IAD,1582,64,N702BR,10/27/2004 5:56,10/27/2004 8:30,-4,-2,20,10,476,N,N,Tuesday,2004-10,10/27/2004
19741,DL,ATL,LIT,933,66,N917DL,9/9/2001 23:56,9/9/2001 0:00,26,12,8,5,453,N,N,Sunday,2001-09,9/9/2001
402,EV,ONT,SLC,4489,91,N719EV,2/3/2005 17:00,2/3/2005 19:55,25,43,9,15,558,N,N,Thursday,2005-02,2/3/2005
19315,MQ,BOS,EWR,4644,48,N708AE,3/8/2001 10:59,3/8/2001 12:04,-1,-16,10,7,200,N,N,Thursday,2001-03,3/8/2001
7377,UA,SFO,PDX,2262,75,N317UA,4/3/2001 13:37,4/3/2001 15:08,-3,-16,14,2,550,N,N,Tuesday,2001-04,4/3/2001
11361,DL,DTW,ATL,595,94,N660DL,9/3/2001 6:48,9/3/2001 8:50,-2,-16,17,11,594,N,N,Sunday,2001-09,9/3/2001
7027,UA,CLE,ORD,1219,0,0,1/1/2005 0:00,1/1/2005 0:00,0,0,0,0,316,Y,N,Friday,2004-12,1/1/2005
4436,WN,STL,DTW,1306,57,N379SW,8/21/2000 8:10,8/21/2000 10:27,0,-23,14,6,440,N,N,Monday,2000-08,8/21/2000
3763,AA,LGB,DFW,884,144,N286AA,11/6/2000 14:52,11/6/2000 19:28,-3,-30,7,5,1220,N,N,Monday,2000-11,11/6/2000
6624,US,PHL,DCA,153,26,N524AU,4/6/2004 15:28,4/6/2004 16:02,-2,-20,7,1,119,N,N,Tuesday,2004-04,4/6/2004
18953,CO,CMH,IAH,1493,134,N18835,6/2/2000 17:45,6/2/2000 19:15,0,-15,11,5,986,N,N,Friday,2000-06,6/2/2000
6104,NW,MEM,PHL,1207,120,N923RW,4/7/2005 8:50,4/7/2005 12:14,0,2,15,9,874,N,N,Thursday,2005-04,4/7/2005
18082,AQ,LIH,HNL,114,21,N809AL,12/21/2000 14:43,12/21/2000 15:15,-2,1,5,6,102,N,N,Thursday,2000-12,12/21/2000
17942,US,CLT,IND,856,73,N394US,5/30/2003 14:24,5/30/2003 14:56,-6,-12,10,9,428,N,N,Friday,2003-05,5/30/2003
7168,DL,CVG,TPA,583,110,N661DN,1/14/2003 12:54,1/14/2003 15:34,-1,31,47,3,773,N,N,Tuesday,2003-01,1/14/2003
19450,CO,BWI,IAH,1027,239,N17105,10/12/2001 14:23,10/12/2001 17:38,-2,71,9,7,1235,N,N,Friday,2001-10,10/12/2001
14216,NW,STL,DTW,1202,70,N9341,1/16/2001 8:25,1/16/2001 10:54,-5,-13,14,5,440,N,N,Tuesday,2001-01,1/16/2001
4054,DL,TPA,ATL,675,62,N658DL,11/8/2002 16:23,11/8/2002 17:49,3,-3,15,9,406,N,N,Friday,2002-11,11/8/2002
13032,US,ALB,PHL,359,52,N431US,10/15/2001 7:26,10/15/2001 8:34,-3,-3,9,7,212,N,N,Monday,2001-10,10/15/2001
7230,UA,ORD,LGA,676,0,N567UA,5/13/2000 0:00,5/13/2000 0:00,0,0,0,0,733,Y,N,Friday,2000-05,5/13/2000
8679,NW,DTW,GRR,227,27,N347NB,11/23/2002 12:06,11/23/2002 12:54,-2,1,19,2,120,N,N,Saturday,2002-11,11/23/2002
6971,OO,SFO,FAT,6208,39,N229SW,8/7/2005 20:17,8/7/2005 21:14,-3,-3,16,2,158,N,N,Sunday,2005-08,8/7/2005
391,AA,DCA,DFW,1415,174,N517AA,11/30/2001 13:56,11/30/2001 16:10,1,-13,7,13,1192,N,N,Friday,2001-11,11/30/2001
8618,CO,IAH,AUS,1720,29,N14667,4/7/2000 13:13,4/7/2000 14:03,-2,-6,17,4,143,N,N,Friday,2000-04,4/7/2000
4503,MQ,HPN,BOS,4764,46,N313AE,6/19/2001 15:59,6/19/2001 17:10,4,5,12,13,166,N,N,Tuesday,2001-06,6/19/2001
13078,UA,ORD,PHL,752,93,N956UA,7/31/2003 15:28,7/31/2003 18:22,28,11,13,8,678,N,N,Thursday,2003-07,7/31/2003
3716,CO,SFO,IAH,828,200,N13248,5/7/2002 8:38,5/7/2002 14:32,-7,-2,13,21,1635,N,N,Tuesday,2002-05,5/7/2002
18080,AA,LGA,ORD,303,104,N510AA,5/28/2003 6:23,5/28/2003 7:39,-7,-13,24,8,733,N,N,Tuesday,2003-05,5/28/2003
1924,WN,BWI,RDU,1635,45,N790SW,11/29/2001 16:00,11/29/2001 16:52,0,-8,5,2,255,N,N,Thursday,2001-11,11/29/2001
15748,MQ,DFW,TYS,3719,94,N642AE,10/31/2005 8:54,10/31/2005 12:10,4,21,40,2,772,N,N,Monday,2005-10,10/31/2005
6752,AA,ORD,PHL,520,95,N435AA,8/25/2003 16:01,8/25/2003 19:09,-4,-19,29,4,678,N,N,Monday,2003-08,8/25/2003
7070,NW,BNA,MSP,1019,105,N364NB,8/31/2004 7:52,8/31/2004 9:58,-8,-8,16,5,695,N,N,Tuesday,2004-08,8/31/2004
10706,FL,BWI,ATL,447,94,N603AT,6/20/2005 13:11,6/20/2005 15:16,8,24,19,12,576,N,N,Monday,2005-06,6/20/2005
14350,WN,PHX,SAN,267,51,N763SW,5/2/2002 11:30,5/2/2002 12:30,0,-15,6,3,304,N,N,Thursday,2002-05,5/2/2002
15360,AA,LAX,OGG,253,297,N5DGAA,8/7/2002 9:20,8/7/2002 11:58,0,12,36,5,2486,N,N,Wednesday,2002-08,8/7/2002
7306,US,PIT,MCI,2348,106,N449US,9/1/2000 8:57,9/1/2000 10:00,-3,-12,11,6,773,N,N,Friday,2000-09,9/1/2000
17661,HP,SNA,PHX,820,48,N813AW,11/15/2003 6:36,11/15/2003 8:54,-9,-14,24,6,338,N,N,Friday,2003-11,11/15/2003
13567,HP,PHX,JFK,18,254,N659AW,1/4/2003 23:00,1/4/2003 5:39,0,8,12,13,2153,N,N,Saturday,2003-01,1/4/2003
879,EV,CRW,ATL,4353,64,N922EV,4/14/2005 14:55,4/14/2005 16:18,-6,-10,10,9,363,N,N,Thursday,2005-04,4/14/2005
11119,UA,MCI,DEN,739,73,N573UA,8/12/2000 16:50,8/12/2000 17:32,35,38,21,8,533,N,N,Saturday,2000-08,8/12/2000
7327,RU,CLT,EWR,3481,89,N14905,11/9/2004 13:27,11/9/2004 15:19,-3,-1,15,8,528,N,N,Tuesday,2004-11,11/9/2004
8569,RU,MCI,EWR,2467,142,N34110,10/30/2004 15:27,10/30/2004 20:03,52,97,67,7,1092,N,N,Saturday,2004-10,10/30/2004
18199,NW,MSP,SNA,117,211,N347NB,3/3/2004 12:08,3/3/2004 14:04,27,34,18,7,1522,N,N,Wednesday,2004-03,3/3/2004
11679,NW,MSP,SAN,55,192,N548US,8/17/2001 20:47,8/17/2001 22:33,-4,-3,30,4,1532,N,N,Friday,2001-08,8/17/2001
18535,UA,SFO,SAN,1469,82,N373UA,9/15/2002 8:47,9/15/2002 10:26,-7,4,11,6,447,N,N,Sunday,2002-09,9/15/2002
602,DL,SFO,CVG,946,230,N669DN,3/18/2004 14:35,3/18/2004 21:49,-5,-6,16,8,2036,N,N,Thursday,2004-03,3/18/2004
4878,MQ,ORD,BMI,4047,25,N639AE,12/7/2001 13:24,12/7/2001 14:18,-6,3,26,3,116,N,N,Friday,2001-12,12/7/2001
5910,CO,IAH,CLE,1244,128,N26226,11/1/2003 18:11,11/1/2003 21:50,-9,-9,27,4,1091,N,N,Saturday,2003-11,11/1/2003
15426,DL,ATL,IAD,1044,75,N625DL,11/2/2001 8:03,11/2/2001 9:40,-2,0,15,7,533,N,N,Friday,2001-11,11/2/2001
18134,RU,CLE,PHL,2062,58,N15527,7/12/2003 9:28,7/12/2003 10:47,-2,-8,17,4,363,N,N,Saturday,2003-07,7/12/2003
19867,MQ,LGA,CLE,4463,72,N706RG,3/13/2001 8:24,3/13/2001 10:01,4,-9,21,4,418,N,N,Tuesday,2001-03,3/13/2001
4065,NW,MOT,MSP,968,58,N908H,6/22/2000 15:31,6/22/2000 16:45,-4,-22,7,9,449,N,N,Thursday,2000-06,6/22/2000
5182,AA,DFW,CLT,1682,119,N572AA,9/24/2000 17:38,9/24/2000 21:17,17,29,37,3,937,N,N,Sunday,2000-09,9/24/2000
1745,CO,IAH,DCA,558,149,N17328,8/26/2002 15:49,8/26/2002 19:47,-6,-17,26,3,1208,N,N,Monday,2002-08,8/26/2002
9946,UA,ORD,BOS,526,107,N315UA,11/16/2002 18:55,11/16/2002 21:55,-5,-28,8,5,867,N,N,Saturday,2002-11,11/16/2002
3068,MQ,AMA,DFW,3544,51,N826AE,4/1/2005 11:46,4/1/2005 12:57,-2,3,11,9,313,N,N,Friday,2005-04,4/1/2005
75,AA,AUS,DFW,1922,39,N2CUAA,2/15/2000 20:27,2/15/2000 21:26,-3,-2,11,9,183,N,N,Tuesday,2000-02,2/15/2000
18031,US,ATL,PHL,768,98,N530AU,7/22/2001 12:42,7/22/2001 14:38,2,-7,14,4,665,N,N,Sunday,2001-07,7/22/2001
19701,MQ,AZO,ORD,4266,30,N629AE,6/18/2001 6:15,6/18/2001 6:18,0,13,29,4,122,N,N,Sunday,2001-06,6/18/2001
18132,DL,BDL,FLL,2393,151,N321DL,4/22/2000 16:30,4/22/2000 19:28,10,3,20,7,1173,N,N,Saturday,2000-04,4/22/2000
14548,AA,LAS,LAX,1281,41,N518AA,3/27/2001 20:46,3/27/2001 21:42,-5,-17,9,6,236,N,N,Tuesday,2001-03,3/27/2001
18785,WN,OAK,LAX,998,53,N709SW,8/23/2002 7:13,8/23/2002 8:19,13,-1,7,6,337,N,N,Friday,2002-08,8/23/2002
3083,WN,OAK,LAX,1733,49,N334SW,11/28/2005 22:45,11/28/2005 23:52,45,37,13,5,337,N,N,Monday,2005-11,11/28/2005
19711,UA,SFO,BOS,178,294,N546UA,2/21/2000 21:59,2/21/2000 6:35,-1,10,34,8,2704,N,N,Monday,2000-02,2/21/2000
3691,RU,ORD,CLE,2291,49,N15980,2/12/2005 9:05,2/12/2005 11:24,-10,-5,25,5,316,N,N,Saturday,2005-02,2/12/2005
19344,US,CLT,SDF,1144,65,N884US,3/14/2002 9:43,3/14/2002 11:19,-7,-3,27,4,336,N,N,Thursday,2002-03,3/14/2002
13536,AA,DFW,ICT,1523,52,N2BRAA,1/1/2000 9:06,1/1/2000 10:13,-3,-8,11,4,328,N,N,Saturday,2000-01,1/1/2000
4209,TZ,MSP,MDW,660,66,N304TZ,11/29/2004 5:59,11/29/2004 7:45,-1,17,35,5,349,N,N,Sunday,2004-11,11/29/2004
6584,US,PIT,BDL,1926,62,N749UW,7/4/2002 11:55,7/4/2002 13:10,15,3,10,3,406,N,N,Thursday,2002-07,7/4/2002
9260,HP,PHX,PDX,790,145,N627AW,12/19/2001 14:34,12/19/2001 16:14,10,0,11,4,1009,N,N,Wednesday,2001-12,12/19/2001
8704,WN,LAS,SAN,751,42,N379SW,5/22/2004 14:40,5/22/2004 15:36,0,-4,11,3,258,N,N,Saturday,2004-05,5/22/2004
7493,WN,LAX,OAK,846,52,N657SW,11/6/2004 12:00,11/6/2004 13:00,0,-15,5,3,337,N,N,Saturday,2004-11,11/6/2004
12256,EV,ATL,PFN,4122,55,N635AS,12/29/2004 16:00,12/29/2004 16:44,0,36,45,4,247,N,N,Wednesday,2004-12,12/29/2004
14773,AA,DCA,STL,1039,113,N584AA,3/2/2005 6:59,3/2/2005 8:13,-1,-8,17,4,719,N,N,Tuesday,2005-03,3/2/2005
148,WN,SAT,HOU,326,30,N83SW,7/8/2001 7:30,7/8/2001 8:10,0,-5,5,5,192,N,N,Sunday,2001-07,7/8/2001
6377,DL,IAD,ATL,1089,78,N647DL,1/3/2001 12:54,1/3/2001 14:31,4,-11,12,7,533,N,N,Wednesday,2001-01,1/3/2001
17653,WN,MCI,LAX,1990,190,N718SW,8/19/2004 20:05,8/19/2004 21:30,15,15,5,10,1363,N,N,Thursday,2004-08,8/19/2004
11938,UA,SFO,EWR,70,299,N432UA,1/13/2000 10:46,1/13/2000 19:16,146,157,21,10,2565,N,N,Thursday,2000-01,1/13/2000
14006,MQ,LAX,SBA,3143,20,N346MQ,4/23/2001 7:16,4/23/2001 7:55,-4,-5,16,3,89,N,N,Monday,2001-04,4/23/2001
8614,HP,SJC,PHX,544,97,N335AW,5/30/2002 9:00,5/30/2002 10:55,0,2,11,7,621,N,N,Thursday,2002-05,5/30/2002
9924,AS,SJC,SEA,325,93,N931AS,8/4/2004 12:50,8/4/2004 14:45,5,-5,14,8,697,N,N,Wednesday,2004-08,8/4/2004
18905,OO,SFO,SMF,6467,18,N920SW,3/14/2005 11:02,3/14/2005 11:47,-3,2,23,4,86,N,N,Monday,2005-03,3/14/2005
6702,CO,DFW,EWR,1138,182,N52616,6/17/2001 15:24,6/17/2001 20:00,-1,-12,16,18,1372,N,N,Sunday,2001-06,6/17/2001
16417,NW,DTW,PVD,696,85,N324NB,5/10/2001 21:12,5/10/2001 23:08,7,19,26,5,614,N,N,Thursday,2001-05,5/10/2001
13110,CO,DFW,EWR,1124,180,N46625,8/4/2000 17:13,8/4/2000 21:36,-2,-23,12,11,1372,N,N,Friday,2000-08,8/4/2000
5226,AA,RDU,ORD,1703,116,N412AA,4/10/2000 8:16,4/10/2000 9:33,5,13,15,6,647,N,N,Monday,2000-04,4/10/2000
7867,WN,PHX,BNA,520,164,N659SW,1/18/2000 16:55,1/18/2000 20:50,0,-15,8,3,1448,N,N,Tuesday,2000-01,1/18/2000
10934,WN,HOU,MCO,1172,104,N417WN,11/25/2005 12:30,11/25/2005 15:30,5,-10,10,6,848,N,N,Friday,2005-11,11/25/2005
2317,CO,EWR,BOS,30,78,N73278,12/8/2003 10:02,12/8/2003 12:00,152,200,35,5,200,N,N,Monday,2003-12,12/8/2003
12854,NW,DEN,MEM,1096,106,N314NB,9/2/2005 14:58,9/2/2005 18:01,-7,-10,12,5,872,N,N,Friday,2005-09,9/2/2005
11380,AA,AUS,ORD,720,133,N595AA,10/16/2004 7:53,10/16/2004 10:24,-4,-4,14,4,978,N,N,Saturday,2004-10,10/16/2004
16488,US,PIT,IND,1653,57,N417US,9/15/2000 9:16,9/15/2000 9:28,-5,-10,11,4,325,N,N,Friday,2000-09,9/15/2000
18201,DL,PBI,LGA,1998,144,N6708D,9/10/2004 15:45,9/10/2004 18:27,28,23,9,9,1035,N,N,Friday,2004-09,9/10/2004
13575,DH,IAD,ORF,7937,43,N327UE,2/20/2003 10:53,2/20/2003 11:58,138,144,18,3,157,N,N,Thursday,2003-02,2/20/2003
12964,CO,IAD,IAH,1519,159,N13624,7/10/2003 20:48,7/10/2003 22:57,176,177,26,4,1190,N,N,Thursday,2003-07,7/10/2003
11721,CO,DFW,IAH,258,44,N14604,9/24/2004 5:52,9/24/2004 7:00,-8,-5,15,9,224,N,N,Thursday,2004-09,9/24/2004
7922,US,STL,CLT,578,81,N853US,5/13/2000 10:06,5/13/2000 12:42,-4,-10,10,5,575,N,N,Saturday,2000-05,5/13/2000
8291,CO,DTW,IAH,1289,155,N37252,4/7/2002 6:35,4/7/2002 8:27,-7,-10,12,5,1076,N,N,Saturday,2002-04,4/7/2002
19963,AS,LAX,PDX,211,135,N979AS,5/16/2000 17:40,5/16/2000 20:20,8,31,20,5,834,N,N,Tuesday,2000-05,5/16/2000
8983,RU,IAH,COS,2770,109,N21144,11/24/2005 9:09,11/24/2005 10:21,-1,-13,18,5,809,N,N,Thursday,2005-11,11/24/2005
9478,WN,PDX,PHX,2600,125,N771SA,12/10/2002 15:05,12/10/2002 18:25,0,-15,10,5,1009,N,N,Tuesday,2002-12,12/10/2002
6648,MQ,SAN,LAX,3080,30,N272AE,5/9/2004 15:20,5/9/2004 16:16,-10,-2,12,14,109,N,N,Sunday,2004-05,5/9/2004
4361,WN,HOU,PHX,1421,145,N324SW,12/10/2004 11:55,12/10/2004 13:38,0,-12,13,5,1020,N,N,Friday,2004-12,12/10/2004
13859,US,MYR,CLT,512,34,N430US,5/9/2002 15:09,5/9/2002 16:06,-6,0,9,14,156,N,N,Thursday,2002-05,5/9/2002
17900,CO,SAN,EWR,327,265,N37287,11/2/2004 21:50,11/2/2004 5:31,-10,-15,11,5,2425,N,N,Tuesday,2004-11,11/2/2004
12804,WN,MDW,IND,2489,35,N607SW,7/6/2003 10:45,7/6/2003 11:32,10,7,5,7,162,N,N,Sunday,2003-07,7/6/2003
3056,EV,SAV,DFW,4748,148,N843AS,10/15/2004 12:45,10/15/2004 14:31,0,3,14,4,925,N,N,Friday,2004-10,10/15/2004
14502,OO,DEN,CID,6712,91,N934SW,12/28/2005 19:13,12/28/2005 22:02,-2,-1,13,5,692,N,N,Wednesday,2005-12,12/28/2005
9980,US,ATL,CLT,448,37,N392US,2/11/2004 19:41,2/11/2004 20:36,-4,-14,14,4,227,N,N,Wednesday,2004-02,2/11/2004
16961,UA,DEN,OAK,1781,0,UNKNOW,9/19/2001 0:00,9/19/2001 0:00,0,0,0,0,957,Y,N,Tuesday,2001-09,9/19/2001
2803,WN,BWI,MCO,455,109,N366SW,9/1/2004 18:10,9/1/2004 20:08,0,-12,6,3,787,N,N,Wednesday,2004-09,9/1/2004
4627,US,MYR,CLT,649,30,N781AU,6/17/2003 12:09,6/17/2003 12:53,-6,-12,10,4,156,N,N,Tuesday,2003-06,6/17/2003
17301,CO,EWR,BOS,852,33,N27722,4/23/2003 11:58,4/23/2003 13:03,-2,1,18,14,200,N,N,Wednesday,2003-04,4/23/2003
18202,AA,DFW,PHX,1027,128,N584AA,4/2/2002 20:42,4/2/2002 22:21,-4,1,28,3,868,N,N,Tuesday,2002-04,4/2/2002
19337,NW,MSP,DFW,1272,123,N325NB,5/21/2001 18:41,5/21/2001 21:05,-4,-20,11,10,852,N,N,Monday,2001-05,5/21/2001
7808,WN,MCO,MSY,149,88,N741SA,5/6/2003 8:35,5/6/2003 9:10,0,-5,5,2,550,N,N,Tuesday,2003-05,5/6/2003
18208,NW,SFO,MEM,258,194,N346NW,4/23/2002 9:59,4/23/2002 15:31,-6,-26,14,4,1807,N,N,Tuesday,2002-04,4/23/2002
19922,OO,SFO,SMF,6467,19,N927SW,8/22/2004 11:19,8/22/2004 11:57,24,15,11,8,86,N,N,Sunday,2004-08,8/22/2004
8157,MQ,JFK,RDU,4725,72,N710TB,3/20/2005 13:03,3/20/2005 14:35,-2,-5,14,6,426,N,N,Sunday,2005-03,3/20/2005
17159,MQ,ORD,CHA,4363,72,N848AE,8/19/2004 13:09,8/19/2004 15:39,2,-11,14,4,501,N,N,Thursday,2004-08,8/19/2004
6005,NW,LAS,MSP,712,161,N528US,3/25/2002 6:58,3/25/2002 11:56,-2,-10,13,4,1300,N,N,Sunday,2002-03,3/25/2002
19239,WN,SMF,PHX,625,91,N609SW,3/11/2004 15:50,3/11/2004 18:32,15,7,8,3,647,N,N,Thursday,2004-03,3/11/2004
5956,EV,ATL,SAV,4675,0,N875AS,6/11/2003 23:30,1/1/1900 0:00,0,-6,7,1443,215,N,N,Wednesday,2003-06,6/11/2003
3771,OH,MCO,RDU,5309,80,N958CA,6/30/2005 22:45,6/30/2005 0:18,-10,-15,10,3,534,N,N,Thursday,2005-06,6/30/2005
2887,CO,DTW,IAH,1889,140,N14735,7/21/2003 12:20,7/21/2003 14:00,21,14,17,3,1076,N,N,Monday,2003-07,7/21/2003
12009,DL,JFK,SJU,2067,180,N655DL,10/7/2005 6:29,10/7/2005 9:57,-1,-14,24,4,1597,N,N,Thursday,2005-10,10/7/2005
5709,FL,BWI,ROC,390,48,N925AT,9/23/2005 9:51,9/23/2005 10:55,-9,-15,13,3,277,N,N,Friday,2005-09,9/23/2005
10680,AS,SFO,PSP,512,62,N708AS,2/23/2000 11:00,2/23/2000 12:24,16,22,18,4,421,N,N,Wednesday,2000-02,2/23/2000
11093,FL,TPA,MKE,628,157,N930AT,2/10/2005 15:45,2/10/2005 17:35,37,46,8,5,1075,N,N,Thursday,2005-02,2/10/2005
2604,NW,MSP,ATL,730,133,N8921E,3/9/2000 16:49,3/9/2000 20:22,-1,2,15,5,906,N,N,Thursday,2000-03,3/9/2000
5795,OH,SRQ,CVG,5523,131,N669CA,11/6/2004 17:21,11/6/2004 19:47,-4,-6,10,5,812,N,N,Saturday,2004-11,11/6/2004
14990,WN,HOU,BNA,1432,87,N658SW,10/30/2003 21:53,10/30/2003 23:30,63,55,7,3,670,N,N,Thursday,2003-10,10/30/2003
12622,AA,LAX,ORD,1374,195,N3CPAA,12/9/2003 15:36,12/9/2003 21:36,45,50,38,7,1745,N,N,Tuesday,2003-12,12/9/2003
14367,OO,BZN,SLC,3706,156,N448SW,4/14/2004 10:40,4/14/2004 11:46,0,-9,5,4,347,N,N,Wednesday,2004-04,4/14/2004
12976,AA,DFW,LAX,364,165,N3CCAA,4/2/2004 18:26,4/2/2004 19:34,9,6,16,7,1235,N,N,Friday,2004-04,4/2/2004
2681,AA,DFW,OAK,1153,195,N259AA,8/23/2002 19:12,8/23/2002 21:14,0,26,37,10,1456,N,N,Friday,2002-08,8/23/2002
17643,AA,JFK,MIA,651,148,N064AA,8/20/2000 11:51,8/20/2000 14:50,6,3,24,7,1090,N,N,Sunday,2000-08,8/20/2000
18695,AA,MIA,BWI,2062,171,N534AA,6/17/2004 15:39,6/17/2004 19:22,-1,65,47,5,946,N,N,Thursday,2004-06,6/17/2004
14625,DL,MCO,CVG,422,98,N997DL,6/23/2002 19:17,6/23/2002 21:18,2,-4,18,5,756,N,N,Sunday,2002-06,6/23/2002
361,AA,DFW,PDX,753,206,N629AA,6/29/2002 21:07,6/29/2002 22:52,120,117,12,7,1616,N,N,Saturday,2002-06,6/29/2002
18077,DL,SEA,SLC,1950,84,N379DA,11/17/2002 13:16,11/17/2002 15:58,1,-6,12,6,689,N,N,Sunday,2002-11,11/17/2002
3414,CO,PDX,IAH,1508,225,N39726,6/18/2005 10:44,6/18/2005 16:52,-6,-3,14,9,1825,N,N,Saturday,2005-06,6/18/2005
12427,US,PIT,LGA,216,51,N920VJ,1/23/2000 20:49,1/23/2000 21:56,10,-2,11,5,335,N,N,Sunday,2000-01,1/23/2000
15698,DL,PDX,CVG,1982,223,N193DN,7/23/2002 6:57,7/23/2002 14:02,2,-6,16,6,1975,N,N,Monday,2002-07,7/23/2002
18098,AA,OGG,DFW,6,419,N391AA,10/13/2003 16:55,10/13/2003 5:12,-1,17,14,4,3711,N,N,Monday,2003-10,10/13/2003
19997,DL,ATL,CLT,412,40,N913DL,3/11/2000 18:23,3/11/2000 19:49,58,82,32,14,227,N,N,Saturday,2000-03,3/11/2000
19622,NW,DTW,MSP,743,84,N918RW,4/26/2001 10:14,4/26/2001 10:52,-1,-22,10,4,528,N,N,Thursday,2001-04,4/26/2001
4328,NW,DTW,STL,1563,72,N926RC,3/15/2003 19:02,3/15/2003 19:51,-4,1,29,8,440,N,N,Saturday,2003-03,3/15/2003
10311,AA,SJU,DFW,602,310,N5ELAA,1/25/2003 17:20,1/25/2003 21:00,-5,13,22,8,2165,N,N,Saturday,2003-01,1/25/2003
2501,OO,SFO,SBA,6448,150,N930SW,7/4/2004 11:46,7/4/2004 12:59,0,6,19,3,262,N,N,Sunday,2004-07,7/4/2004
100,UA,ORD,DTW,586,42,N524UA,7/16/2005 21:50,7/16/2005 23:49,35,26,12,5,235,N,N,Saturday,2005-07,7/16/2005
1581,AS,PDX,SFO,242,86,N784AS,7/8/2005 6:48,7/8/2005 8:35,-2,-3,12,9,550,N,N,Thursday,2005-07,7/8/2005
8796,AA,DFW,COS,1001,80,N462AA,6/27/2004 19:01,6/27/2004 19:53,4,8,29,3,592,N,N,Sunday,2004-06,6/27/2004
16035,RU,EWR,LIT,2753,137,N14179,7/25/2005 19:32,7/25/2005 22:09,42,61,74,6,1069,N,N,Monday,2005-07,7/25/2005
5814,RU,IAH,LRD,2818,52,N14959,6/13/2003 9:29,6/13/2003 10:43,-1,4,18,4,301,N,N,Friday,2003-06,6/13/2003
2870,AS,PHX,SEA,717,140,N977AS,12/14/2002 16:59,12/14/2002 18:36,22,-7,8,9,1107,N,N,Saturday,2002-12,12/14/2002
14091,MQ,DFW,MKE,3331,106,N617AE,5/31/2001 11:05,5/31/2001 13:28,6,4,31,6,853,N,N,Thursday,2001-05,5/31/2001
5919,NW,DTW,MCO,432,120,N522US,12/18/2002 7:12,12/18/2002 9:41,-3,-11,22,7,957,N,N,Tuesday,2002-12,12/18/2002
19284,AA,JFK,SJU,1639,197,N068AA,2/7/2004 19:03,2/7/2004 0:14,113,139,49,5,1597,N,N,Saturday,2004-02,2/7/2004
17753,WN,OKC,MCI,500,48,N102SW,3/2/2000 7:05,3/2/2000 8:03,0,-2,6,4,313,N,N,Wednesday,2000-03,3/2/2000
13373,AA,DFW,LGB,2154,152,N3BDAA,8/23/2003 13:36,8/23/2003 14:28,-4,-11,14,6,1220,N,N,Saturday,2003-08,8/23/2003
14599,CO,CLT,EWR,1476,72,N14654,6/11/2000 23:02,6/11/2000 0:00,277,247,9,5,528,N,N,Sunday,2000-06,6/11/2000
8066,AA,ORD,DTW,842,51,N279AA,8/16/2005 15:39,8/16/2005 18:05,-6,0,27,8,235,N,N,Tuesday,2005-08,8/16/2005
14274,OH,CVG,SBN,5764,31,N354CA,5/28/2005 19:02,5/28/2005 18:51,-3,-8,14,4,203,N,N,Saturday,2005-05,5/28/2005
9722,DL,ATL,JAX,220,43,N681DA,3/18/2000 8:05,3/18/2000 9:00,0,-8,9,3,270,N,N,Saturday,2000-03,3/18/2000
15648,DL,DCA,ATL,925,77,N505DA,7/2/2001 10:03,7/2/2001 11:54,-2,7,16,18,547,N,N,Monday,2001-07,7/2/2001
17052,UA,DEN,SEA,779,145,N370UA,6/11/2004 17:55,6/11/2004 19:33,54,47,8,5,1024,N,N,Friday,2004-06,6/11/2004
6459,UA,OMA,ORD,1164,66,N367UA,10/8/2003 15:43,10/8/2003 17:07,-5,-3,8,10,416,N,N,Wednesday,2003-10,10/8/2003
15520,MQ,JFK,BOS,4811,51,N283MQ,1/13/2002 15:00,1/13/2002 16:16,140,146,16,9,187,N,N,Sunday,2002-01,1/13/2002
5540,DH,IAD,EWR,7036,42,N691BR,3/17/2003 8:40,3/17/2003 9:54,0,-4,19,12,213,N,N,Monday,2003-03,3/17/2003
2960,DL,CVG,STL,1581,62,N375DL,5/30/2005 9:15,5/30/2005 9:34,-10,-13,12,5,307,N,N,Monday,2005-05,5/30/2005
19754,MQ,ILE,DFW,3608,39,N390MQ,7/27/2001 12:19,7/27/2001 13:19,-1,-4,8,13,130,N,N,Friday,2001-07,7/27/2001
19462,US,BWI,PHL,1199,23,N603AU,8/11/2001 16:39,8/11/2001 17:19,21,10,9,8,90,N,N,Saturday,2001-08,8/11/2001
10952,DL,ATL,MSP,756,125,N937DL,5/2/2001 20:04,5/2/2001 21:27,-6,-27,14,4,906,N,N,Wednesday,2001-05,5/2/2001
1241,DL,DCA,LGA,1966,39,N231DN,11/4/2004 19:30,11/4/2004 20:51,0,13,38,4,214,N,N,Thursday,2004-11,11/4/2004
12245,AS,ANC,SEA,198,177,N774AS,11/11/2002 0:42,11/11/2002 4:50,-3,-22,7,4,1449,N,N,Sunday,2002-11,11/11/2002
18881,WN,ELP,PHX,946,55,N394SW,5/21/2005 19:15,5/21/2005 19:20,0,-15,5,5,347,N,N,Saturday,2005-05,5/21/2005
11808,WN,HOU,MSY,1796,45,N370SW,6/23/2003 11:34,6/23/2003 12:27,34,22,6,2,303,N,N,Monday,2003-06,6/23/2003
694,DL,DFW,LAX,905,165,N674DL,7/2/2004 15:39,7/2/2004 16:59,-6,3,25,10,1235,N,N,Friday,2004-07,7/2/2004
3561,AA,DFW,SJC,2451,190,N5DCAA,9/18/2003 9:58,9/18/2003 11:48,11,31,34,6,1438,N,N,Thursday,2003-09,9/18/2003
4877,UA,SFO,JFK,24,294,N619UA,12/10/2004 16:18,12/10/2004 0:34,-2,5,14,8,2586,N,N,Friday,2004-12,12/10/2004
11003,DL,DFW,ABQ,793,83,N3742C,6/12/2002 9:41,6/12/2002 10:33,-4,3,24,5,569,N,N,Wednesday,2002-06,6/12/2002
17693,CO,IND,IAH,1685,127,N63305,4/12/2000 17:31,4/12/2000 20:00,1,9,13,9,845,N,N,Wednesday,2000-04,4/12/2000
13304,US,CLT,MCO,507,69,N819US,11/9/2000 13:46,11/9/2000 15:11,1,-5,14,2,468,N,N,Thursday,2000-11,11/9/2000
11162,NW,MEM,RDU,1596,94,N617NW,9/6/2002 9:06,9/6/2002 11:53,31,22,10,3,634,N,N,Friday,2002-09,9/6/2002
12499,WN,ABQ,SAN,1521,96,N73SW,11/30/2001 19:45,11/30/2001 20:30,10,10,7,2,628,N,N,Friday,2001-11,11/30/2001
8304,DL,SHV,DFW,2035,37,N917DL,10/16/2001 13:34,10/16/2001 14:29,-1,-7,10,8,190,N,N,Tuesday,2001-10,10/16/2001
6290,UA,TPA,IAD,1438,96,N484UA,4/9/2003 9:09,4/9/2003 10:57,-6,-26,8,4,810,N,N,Wednesday,2003-04,4/9/2003
19740,RU,EWR,MSP,3355,151,N12160,4/8/2005 11:35,4/8/2005 13:43,-10,-2,30,7,1008,N,N,Friday,2005-04,4/8/2005
10479,AA,DFW,DCA,1794,133,N438AA,12/31/2003 11:57,12/31/2003 15:33,-5,-13,17,6,1192,N,N,Wednesday,2003-12,12/31/2003
3557,MQ,ORD,IND,4298,37,N808AE,5/1/2003 13:52,5/1/2003 15:23,96,129,44,10,177,N,N,Thursday,2003-05,5/1/2003
14593,CO,EWR,MTJ,1658,243,N23707,12/18/2004 9:14,12/18/2004 12:33,-1,45,72,4,1795,N,N,Saturday,2004-12,12/18/2004
2754,AA,ORD,DFW,2237,104,N200AA,9/15/2000 15:09,9/15/2000 17:26,9,-2,20,13,802,N,N,Friday,2000-09,9/15/2000
11257,US,DFW,PHL,972,171,N341US,5/23/2002 8:38,5/23/2002 12:43,3,-6,9,5,1302,N,N,Thursday,2002-05,5/23/2002
15396,UA,OMA,ORD,576,69,N378UA,4/2/2004 13:27,4/2/2004 15:08,-5,3,24,8,416,N,N,Friday,2004-04,4/2/2004
901,US,FAY,CLT,210,35,N276AU,9/19/2000 17:09,9/19/2000 17:57,-6,-3,7,6,118,N,N,Tuesday,2000-09,9/19/2000
3227,AA,DFW,SAT,1133,45,N431AA,4/3/2001 6:39,4/3/2001 7:39,-1,-5,11,4,247,N,N,Monday,2001-04,4/3/2001
4871,WN,LAS,SLC,1763,56,N730SW,10/12/2000 20:55,10/12/2000 23:05,10,10,12,2,368,N,N,Thursday,2000-10,10/12/2000
18543,DL,CVG,SFO,2123,254,N629DL,6/30/2001 20:56,6/30/2001 22:36,1,-9,15,11,2036,N,N,Saturday,2001-06,6/30/2001
16167,HP,PHX,ONT,638,53,N649AW,4/29/2004 13:24,4/29/2004 14:36,-2,2,14,5,325,N,N,Thursday,2004-04,4/29/2004
14758,DH,CVG,GSO,6170,61,N404FJ,9/25/2003 8:54,9/25/2003 10:06,-1,-9,9,2,330,N,N,Thursday,2003-09,9/25/2003
11266,DL,ATL,PHX,723,228,N649DL,1/29/2002 12:50,1/29/2002 15:02,-5,-1,14,10,1587,N,N,Tuesday,2002-01,1/29/2002
5151,WN,BWI,MHT,264,60,N384SW,5/23/2000 7:10,5/23/2000 8:22,10,7,10,2,377,N,N,Tuesday,2000-05,5/23/2000
815,AA,MIA,TPA,1880,34,N3BBAA,8/1/2003 19:02,8/1/2003 19:59,-3,-8,15,8,204,N,N,Friday,2003-08,8/1/2003
15786,DL,SMF,SLC,2044,75,N504DA,5/10/2000 16:50,5/10/2000 19:25,0,2,10,10,532,N,N,Wednesday,2000-05,5/10/2000
14082,US,CLT,BHM,1782,56,N851US,4/18/2001 11:14,4/18/2001 11:29,24,19,17,2,352,N,N,Wednesday,2001-04,4/18/2001
16202,DL,PBI,ATL,1211,75,N116DL,2/26/2000 8:43,2/26/2000 10:36,-2,6,13,25,545,N,N,Saturday,2000-02,2/26/2000
8616,OH,ORD,JFK,5668,101,N483CA,12/4/2005 6:45,12/4/2005 10:18,0,23,29,23,740,N,N,Saturday,2005-12,12/4/2005
9657,DL,CVG,SAT,1853,151,N917DL,3/12/2004 16:19,3/12/2004 18:07,-1,-4,11,6,1024,N,N,Friday,2004-03,3/12/2004
1949,UA,IAD,OAK,235,327,N409UA,10/21/2004 18:31,10/21/2004 21:44,46,63,40,6,2408,N,N,Thursday,2004-10,10/21/2004
15505,UA,ATL,DEN,1179,163,N332UA,7/16/2001 15:51,7/16/2001 16:59,6,-1,20,5,1199,N,N,Monday,2001-07,7/16/2001
